field_id,common_name,species_name,family,order,common_group,sp_code,,master_trawl,notes,Common group sorting order,,,,,,,,,,,,,,,,,,,,,,,,,,,,,,,,,,,,
ocean surgeon,"surgeon, ocean",Acanthurus bahianus,Acanthuridae,Perciformes,Pisces,Aca bah,,X,,1,,,,,,,,,,,,,,,,,,,,,,,,,,,,,,,,,,,,
tang,"tang, unid spp.",,Acanthuridae,Perciformes,Pisces,Acanthuridae,,X,,1,,,,,,,,,,,,,,,,,,,,,,,,,,,,,,,,,,,,
sole,"sole, lined ",Achirus lineatus,Achiridae,Pleuronectiformes,Pisces,Arc lin,Ach lin,X,,1,,,,,,,,,,,,,,,,,,,,,,,,,,,,,,,,,,,,
hogchoker,hogchoker,Trinectes maculatus,Achiridae,Pleuronectiformes,Pisces,Tri mac,,X,,1,,,,,,,,,,,,,,,,,,,,,,,,,,,,,,,,,,,,
american eel,"eel, american",Anguilla rostrata,Anguillidae,Anguilliformes,Pisces,Ang ros,,X,,1,,,,,,,,,,,,,,,,,,,,,,,,,,,,,,,,,,,,
sargassumfish,sargassumfish,Histrio histrio,Antenarridae,Lophiiformes,Pisces,His his,,X,,1,,,,,,,,,,,,,,,,,,,,,,,,,,,,,,,,,,,,
hardhead catfish,"catfish, hardhead",Ariopsis felis,Ariidae,Siluriformes,Pisces,Ari fel,,X,,1,,,,,,,,,,,,,,,,,,,,,,,,,,,,,,,,,,,,
silverside,silverside spp.,Menidia spp.,Atherinidae,Atheriniformes,Pisces,Men spp,,X,,1,,,,,,,,,,,,,,,,,,,,,,,,,,,,,,,,,,,,
inland silverside,"silverside, inland ",Menidia beryllina,Atherinopsidae,Atheriniformes,Pisces,Men ber,,,,1,,,,,,,,,,,,,,,,,,,,,,,,,,,,,,,,,,,,
atlantic silverside,"silverside, atlantic ",Menidia menidia,Atherinopsidae,Atheriniformes,Pisces,Men men,,,,1,,,,,,,,,,,,,,,,,,,,,,,,,,,,,,,,,,,,
trumpetfish,trumpetfish,Aulostomus strigosus,Aulostomidae,Syngnathiformes,Pisces,Aul stri,,,,1,,,,,,,,,,,,,,,,,,,,,,,,,,,,,,,,,,,,
triggerfish,triggerfish,?,Balistidae,Tetradontiformes,Pisces,Balistidae,,X,,1,,,,,,,,,,,,,,,,,,,,,,,,,,,,,,,,,,,,
gulf toadfish,"toadfish, gulf",Opsanus beta,Batrachoididae,Batrachoidiformes,Pisces,Ops bet,,X,added to trawl datasheet from GOM data,1,,,,,,,,,,,,,,,,,,,,,,,,,,,,,,,,,,,,
toadfish,toadfish spp.,Opsanus spp.,Batrachoididae,Batrachoidiformes,Pisces,Ops spp.,,,,1,,,,,,,,,,,,,,,,,,,,,,,,,,,,,,,,,,,,
oyster toadfish,"toadfish, oyster ",Opsanus tau,Batrachoididae,Batrachoidiformes,Pisces,Ops tau,,X,,1,,,,,,,,,,,,,,,,,,,,,,,,,,,,,,,,,,,,
needlefish,"needlefish, atlantic",Strongylura marina,Belonidae,Beloniformes,Pisces,Str mar,,,,1,,,,,,,,,,,,,,,,,,,,,,,,,,,,,,,,,,,,
blenny,"blenny, unid spp.",,Blenniidae,Perciformes,Pisces,Blenniidae,,X,,1,,,,,,,,,,,,,,,,,,,,,,,,,,,,,,,,,,,,
striped blenny,"blenny, striped",Chasmodes bosquianus,Blenniidae,Perciformes,Pisces,Cha bos,,X,,1,,,,,,,,,,,,,,,,,,,,,,,,,,,,,,,,,,,,
pearly blenny,"blenny, pearly",Entomacrodus nigricans,Blenniidae,Perciformes,Pisces,Ent nig,,,,1,,,,,,,,,,,,,,,,,,,,,,,,,,,,,,,,,,,,
crested blenny,"blenny, crested",Hypleurochilus geminatus,Blenniidae,Perciformes,Pisces,Hyp gem,,X,added to trawl datasheet from with frag per se data,1,,,,,,,,,,,,,,,,,,,,,,,,,,,,,,,,,,,,
feather blenny,"blenny, feather",Hypsoblennius hentz,Blenniidae,Perciformes,Pisces,Hyp hen,,X,,1,,,,,,,,,,,,,,,,,,,,,,,,,,,,,,,,,,,,
freckled blenny,"blenny, freckled",Hypsoblennius ionthas,Blenniidae,Perciformes,Pisces,Hyp ion,,,,1,,,,,,,,,,,,,,,,,,,,,,,,,,,,,,,,,,,,
hypleurochilus,blenny spp.,Hypleurochilus spp.,Blenniidae,Perciformes,Pisces,Hypl spp,,,,1,,,,,,,,,,,,,,,,,,,,,,,,,,,,,,,,,,,,
yellow jack,"jack, yellow",Carangoides bartholomaei,Carangidae,Perciformes,Pisces,Car bar,,X,,1,,,,,,,,,,,,,,,,,,,,,,,,,,,,,,,,,,,,
blue runner,"runner, blue ",Caranx crysos,Carangidae,Perciformes,Pisces,Car cry,,X,added to trawl datasheet from GOM data,1,,,,,,,,,,,,,,,,,,,,,,,,,,,,,,,,,,,,
crevalle jack,"jack, common/crevalle",Caranx hippos,Carangidae,Perciformes,Pisces,Car hip ,,X,added to trawl datasheet from GOM data,1,,,,,,,,,,,,,,,,,,,,,,,,,,,,,,,,,,,,
jack,"jack, unid spp.",,Carangidae,Perciformes,Pisces,Carangidae,,X,,1,,,,,,,,,,,,,,,,,,,,,,,,,,,,,,,,,,,,
atlantic bumper,"bumper, atlantic",Chloroscombrus chrysurus,Carangidae,Perciformes,Pisces,Chl chr,,X,,1,,,,,,,,,,,,,,,,,,,,,,,,,,,,,,,,,,,,
bluntnose jack,"jack, bluntnose",Hemicaranx amblyrhynchus,Carangidae,Perciformes,Pisces,Hem amb,,X,added to trawl datasheet from GOM data,1,,,,,,,,,,,,,,,,,,,,,,,,,,,,,,,,,,,,
pilotfish,pilotfish,Naucrates ductor,Carangidae,Perciformes,Pisces,Nau duc,,X,,1,,,,,,,,,,,,,,,,,,,,,,,,,,,,,,,,,,,,
leatherjacket,leatherjacket,Oligoplites saurus,Carangidae,Perciformes,Pisces,Oli sau,,X,added to trawl datasheet from GOM data,1,,,,,,,,,,,,,,,,,,,,,,,,,,,,,,,,,,,,
atlantic moonfish,"moonfish, atlantic",Selene setapinnis,Carangidae,Perciformes,Pisces,Sel set,,X,added to species list and trawl sheet from GOM data,1,,,,,,,,,,,,,,,,,,,,,,,,,,,,,,,,,,,,
lookdown,lookdown,Selene vomer,Carangidae,Perciformes,Pisces,Sel vom,,X,,1,,,,,,,,,,,,,,,,,,,,,,,,,,,,,,,,,,,,
florida pompano,"pompano, florida",Trachinotus carolinus,Carangidae,Perciformes,Pisces,Tra car,,X,added to trawl datasheet from GOM data,1,,,,,,,,,,,,,,,,,,,,,,,,,,,,,,,,,,,,
permit,permit,Trachinotus falcatus,Carangidae,Perciformes,Pisces,Tra fal,,,,1,,,,,,,,,,,,,,,,,,,,,,,,,,,,,,,,,,,,
scad,"scad, rough",Trachurus lathami,Carangidae,Perciformes,Pisces,Tra lat,,,,1,,,,,,,,,,,,,,,,,,,,,,,,,,,,,,,,,,,,
pompano,pompano spp.,Trachinotus spp.,Carangidae,Perciformes,Pisces,Tra spp.,,,,1,,,,,,,,,,,,,,,,,,,,,,,,,,,,,,,,,,,,
sunfish,"sunfish, unid spp.",,Centrarchidae,Perciformes,Pisces,Centrarchidae,,,,1,,,,,,,,,,,,,,,,,,,,,,,,,,,,,,,,,,,,
orange spotted sunfish,"sunfish, orange spotted",Lepomis humilis,Centrarchidae,Perciformes,Pisces,Lep hum,,X,added to species list and trawl sheet from GOM data,1,,,,,,,,,,,,,,,,,,,,,,,,,,,,,,,,,,,,
bluegill,bluegill,Lepomis macrochirus,Centrarchidae,Perciformes,Pisces,Lep mac,,X,added to species list and trawl sheet from GOM data,1,,,,,,,,,,,,,,,,,,,,,,,,,,,,,,,,,,,,
redear sunfish,"sunfish, redear",Lepomis microlophis,Centrarchidae,Perciformes,Pisces,Lep mic,,X,added to species list and trawl sheet from GOM data,1,,,,,,,,,,,,,,,,,,,,,,,,,,,,,,,,,,,,
largemouth bass,"bass, largemouth",Micropterus salmoides,Centrarchidae,Perciformes,Pisces,Mic sal,,X,added to species list and trawl sheet from GOM data,1,,,,,,,,,,,,,,,,,,,,,,,,,,,,,,,,,,,,
foureye butterflyfish,"butterflyfish, foureye",Chaetodon capistratus,Chaetodontidae,Perciformes,Pisces,Cha cap,,X,added to species list and trawl sheet from GOM data,1,,,,,,,,,,,,,,,,,,,,,,,,,,,,,,,,,,,,
spotfin butterfly,"butterflyfish, spotfin",Chaetodon ocellatus,Chaetodontidae,Perciformes,Pisces,Cha oce,,X,,1,,,,,,,,,,,,,,,,,,,,,,,,,,,,,,,,,,,,
butterflyfish sp,"butterflyfish, unid spp.",,Chaetodontidae,Perciformes,Pisces,Chaetodontidae,,,,1,,,,,,,,,,,,,,,,,,,,,,,,,,,,,,,,,,,,
alewife,alewife,Alosa pseudoharengus,Clupeidae,Clupeiformes,Pisces,Alo pse,,,,1,,,,,,,,,,,,,,,,,,,,,,,,,,,,,,,,,,,,
gulf menhaden,"menhaden, gulf",Brevoortia patronus,Clupeidae,Clupeiformes,Pisces,Bre pat,,X,added to trawl datasheet from GOM data,1,,,,,,,,,,,,,,,,,,,,,,,,,,,,,,,,,,,,
yellowfin menhaden,"menhaden, yellowfin",Brevoortia smithi,Clupeidae,Clupeiformes,Pisces,Bre smi,,,,1,,,,,,,,,,,,,,,,,,,,,,,,,,,,,,,,,,,,
menhaden,menhaden spp.,Brevoortia spp.,Clupeidae,Clupeiformes,Pisces,Bre spp,,,,1,,,,,,,,,,,,,,,,,,,,,,,,,,,,,,,,,,,,
atlantic menhaden,"menhaden, atlantic ",Brevoortia tyrannus,Clupeidae,Clupeiformes,Pisces,Bre tyr,,X,,1,,,,,,,,,,,,,,,,,,,,,,,,,,,,,,,,,,,,
clupeid,unid clupeid/herring,,Clupeidae,Clupeiformes,Pisces,Clupeidae,,X,added to species list and trawl sheet from GOM data,1,,,,,,,,,,,,,,,,,,,,,,,,,,,,,,,,,,,,
sardine,"sardine, scaled ",Harengula jaguana,Clupeidae,Clupeiformes,Pisces,Har jag,,X,,1,,,,,,,,,,,,,,,,,,,,,,,,,,,,,,,,,,,,
threadherring,"herring, thread-",Opisthonema oglinum,Clupeidae,Clupeiformes,Pisces,Opi ogl,,X,aka: atlantic thread hearing,1,,,,,,,,,,,,,,,,,,,,,,,,,,,,,,,,,,,,
conger eel,"eel, american conger ",Conger oceanicus,Congridae,Anguilliformes,Pisces,Con oce,,,,1,,,,,,,,,,,,,,,,,,,,,,,,,,,,,,,,,,,,
blackcheek tongfish,"tonguefish, blackcheek ",Symphurus plagiusa,Cynoglossidae,Pleuronectiformes,Pisces,Sym pla,,,,1,,,,,,,,,,,,,,,,,,,,,,,,,,,,,,,,,,,,
tonguefish,tonguefish spp.,Symphurus spp.,Cynoglossidae,Pleuronectiformes,Pisces,Sym spp,,X,,1,,,,,,,,,,,,,,,,,,,,,,,,,,,,,,,,,,,,
juvenile minnow,"minnow, juvenile",,Cyprinidae,Cypriniformes,Pisces,Cyprinidae,,X,added to species list and trawl sheet from GOM data,1,,,,,,,,,,,,,,,,,,,,,,,,,,,,,,,,,,,,
sheepshead minnow,"minnow, sheepshead ",Cyprinodon variegatus,Cyprinodontidae,Cyprinodontiformes,Pisces,Cyp var,,,,1,,,,,,,,,,,,,,,,,,,,,,,,,,,,,,,,,,,,
striped burr,"burrfish, striped ",Chilomycterus schoepfi,Diodontidae,Tetraodontiformes,Pisces,Chi sch,,X,,1,,,,,,,,,,,,,,,,,,,,,,,,,,,,,,,,,,,,
porcupinefish,porcupinefish,Diodon holocanthus,Diodontidae,Tetraodontiformes,Pisces,Dio hol,,X,added to species list and trawl sheet from GOM data,1,,,,,,,,,,,,,,,,,,,,,,,,,,,,,,,,,,,,
sharksucker,sharksucker,Echeneis naucrates,Echeneidae,Perciformes,Pisces,Ech nau,,X,,1,,,,,,,,,,,,,,,,,,,,,,,,,,,,,,,,,,,,
fat sleeper,"sleeper, fat",Dormitator maculatus,Eleotridae,Perciformes,Pisces,Dor mac,,X,added to species list and trawl sheet from GOM data,1,,,,,,,,,,,,,,,,,,,,,,,,,,,,,,,,,,,,
ladyfish,ladyfish,Elops saurus,Elopidae,Elopiformes,Pisces,Elo sau,,X,added to trawl datasheet from GOM data,1,,,,,,,,,,,,,,,,,,,,,,,,,,,,,,,,,,,,
bay anchovy,"anchovy, bay",Anchoa mitchilli,Engraulidae,Clupeiformes,Pisces,Anc mit,,X,,1,,,,,,,,,,,,,,,,,,,,,,,,,,,,,,,,,,,,
anchovy,anchovy spp.,Anchoa spp.,Engraulidae,Clupeiformes,Pisces,Anc spp,,X,,1,,,,,,,,,,,,,,,,,,,,,,,,,,,,,,,,,,,,
spadefish,spadefish,Chaetodipterus faber,Ephippidae,Perciformes,Pisces,Cha fab,,X,,1,,,,,,,,,,,,,,,,,,,,,,,,,,,,,,,,,,,,
cornetfish,cornetfish spp.,Fistularia spp.,Fistulariidae,Syngnathiformes,Pisces,Fis spp,,X,,1,,,,,,,,,,,,,,,,,,,,,,,,,,,,,,,,,,,,
bluespotted cornetfish,"cornetfish, bluespotted",Fistularia tabacaria,Fistulariidae,Sygnathiformes,Pisces,Fis tab,,X,added to species list and trawl sheet from GOM data,1,,,,,,,,,,,,,,,,,,,,,,,,,,,,,,,,,,,,
mummichog,mummichog,Fundulus heteroclitus,Fundulidae,Cyprinodontiformes,Pisces,Fun het,,,,1,,,,,,,,,,,,,,,,,,,,,,,,,,,,,,,,,,,,
striped killifish,"killifish, striped",Fundulus majalis,Fundulidae,Cyprinodontiformes,Pisces,Fun maj,,,,1,,,,,,,,,,,,,,,,,,,,,,,,,,,,,,,,,,,,
longnose killifish,"killifish, longnose",Fundulus similis,Fundulidae,Cyprinodontiformes,Pisces,Fun sim,,,,1,,,,,,,,,,,,,,,,,,,,,,,,,,,,,,,,,,,,
killifish,killifish spp.,Fundulus spp.,Fundulidae,Cyprinodontiformes,Pisces,Fun spp,,X,,1,,,,,,,,,,,,,,,,,,,,,,,,,,,,,,,,,,,,
rainwater killifish,"killifish, rainwater",Lucania parva,Fundulidae,Cyprinodontiformes,Pisces,Luc par,,X,added to species list and trawl sheet from GOM data,1,,,,,,,,,,,,,,,,,,,,,,,,,,,,,,,,,,,,
spotfin mojarra,"mojarra, spotfin",Eucinostomus argenteus,Gerreidae,Perciformes,Pisces,Euc arg,,,,,,,,,,,,,,,,,,,,,,,,,,,,,,,,,,,,,,,,
silver jenny,"mojarra, silver jenny",Eucinostomus gula,Gerreidae,Perciformes,Pisces,Euc gula,,,,,,,,,,,,,,,,,,,,,,,,,,,,,,,,,,,,,,,,
tidewater mojarra,"mojarra, tidewater ",Eucinostomus harengulus,Gerreidae,Perciformes,Pisces,Euc har,,,,1,,,,,,,,,,,,,,,,,,,,,,,,,,,,,,,,,,,,
big eye mojarra,"mojarra, big eye",Eucinostomus havana,Gerreidae,Perciformes,Pisces,Euc hav,,,,1,,,,,,,,,,,,,,,,,,,,,,,,,,,,,,,,,,,,
Eucinostomus spp,mojarra spp.,Eucinostomus spp.,Gerreidae,Perciformes,Pisces,Euc spp,,,,1,,,,,,,,,,,,,,,,,,,,,,,,,,,,,,,,,,,,
mojarra,,,Gerreidae,Perciformes,Pisces,Gerreidae,,X,,1,,,,,,,,,,,,,,,,,,,,,,,,,,,,,,,,,,,,
clingfish,clingfish,Gobiesox maeandricus,Gobiesocidae,Gobiesociformes,Pisces,Gob mae,,,,1,,,,,,,,,,,,,,,,,,,,,,,,,,,,,,,,,,,,
skilletfish,skilletfish,Gobiesox strumosus,Gobiesocidae,Gobiesociformes,Pisces,Gob str,,X,added to trawl datasheet from GOM data,1,,,,,,,,,,,,,,,,,,,,,,,,,,,,,,,,,,,,
darter goby,"goby, darter",Ctenogobius boleosoma,Gobiidae,Perciformes,Pisces,Cte bol,,,aka: Gobionellus boleosoma,1,,,,,,,,,,,,,,,,,,,,,,,,,,,,,,,,,,,,
naked goby,"goby, naked ",Gobiosoma bosc,Gobiidae,Perciformes,Pisces,Gob bos,,,,1,,,,,,,,,,,,,,,,,,,,,,,,,,,,,,,,,,,,
highfin goby,"goby, highfin",Gobionellus oceanicus,Gobiidae,Perciformes,Pisces,Gob oce,,,,1,,,,,,,,,,,,,,,,,,,,,,,,,,,,,,,,,,,,
code goby,"goby, code",Gobiosoma robustum,Gobiidae,Perciformes,Pisces,Gob rob,,,,1,,,,,,,,,,,,,,,,,,,,,,,,,,,,,,,,,,,,
goby,"goby, unid spp",,Gobiidae,Perciformes,Pisces,Gobiidae,,X,,1,,,,,,,,,,,,,,,,,,,,,,,,,,,,,,,,,,,,
gobionellus,goby spp.,Gobionellus spp.,Gobiidae,Perciformes,Pisces,Gobion spp,,,,1,,,,,,,,,,,,,,,,,,,,,,,,,,,,,,,,,,,,
gobiosoma,goby spp.,Gobiosoma spp.,Gobiidae,Perciformes,Pisces,Gobios spp,,,,1,,,,,,,,,,,,,,,,,,,,,,,,,,,,,,,,,,,,
tomtate,tomtate,Haemulon aurolineatum,Haemulidae,Perciformes,Pisces,Hae aur,,X,added to species list and trawl sheet from GOM data,1,,,,,,,,,,,,,,,,,,,,,,,,,,,,,,,,,,,,
grunt,"grunt, white ",Haemulon plumieri,Haemulidae,Perciformes,Pisces,Hae plu,,X,,1,,,,,,,,,,,,,,,,,,,,,,,,,,,,,,,,,,,,
unid grunt?,unid grunt,,Haemulidae,Perciformes,Pisces,Haemulidae,,X,added to species list and trawl sheet from GOM data,1,,,,,,,,,,,,,,,,,,,,,,,,,,,,,,,,,,,,
pigfish,pigfish,Orthopritis chrysoptera,Haemulidae,Perciformes,Pisces,Ort chr,,X,,1,,,,,,,,,,,,,,,,,,,,,,,,,,,,,,,,,,,,
ballyhoo,ballyhoo,Hemiramphus barsiliensis,Hemiramphidae,Beloniformes,Pisces,Hem bar,,X,added to species list and trawl sheet from GOM data,1,,,,,,,,,,,,,,,,,,,,,,,,,,,,,,,,,,,,
slippery dick,slippery dick,Halichoeres bivittatus,Labridae,Perciformes,Pisces,Hal biv,,X,,1,,,,,,,,,,,,,,,,,,,,,,,,,,,,,,,,,,,,
hogfish,hogfish,Lachnolaimus maximus,Labridae,Perciformes,Pisces,Lac max,,X,,1,,,,,,,,,,,,,,,,,,,,,,,,,,,,,,,,,,,,
tautog,tautog,Tautoga onitis,Labridae,Perciformes,Pisces,Tau oni,,X,,1,,,,,,,,,,,,,,,,,,,,,,,,,,,,,,,,,,,,
pearly razorfish,"razorfish, pearly",Xyrichtys novacula,Labridae,Perciformes,Pisces,Xyr nov,,X,added to species list and trawl sheet from GOM data,1,,,,,,,,,,,,,,,,,,,,,,,,,,,,,,,,,,,,
alligator gar,"gar, alligator",Atractosteus spatula,Lepisosteidae,Lepiosteiformes,Pisces,Ata spa,,X,added to species list and trawl sheet from GOM data,1,,,,,,,,,,,,,,,,,,,,,,,,,,,,,,,,,,,,
red snapper,"snapper, red",Lutjanus campechanus,Lutjanidae,Perciformes,Pisces,Lut cam,,X,added to species list and trawl sheet from GOM data,1,,,,,,,,,,,,,,,,,,,,,,,,,,,,,,,,,,,,
yellowtail snapper,"snapper, yellowtail ",Lutjanus chrysurus,Lutjanidae,Perciformes,Pisces,Lut chr,,X,,1,,,,,,,,,,,,,,,,,,,,,,,,,,,,,,,,,,,,
gray snapper,"snapper, gray ",Lutjanus griseus,Lutjanidae,Perciformes,Pisces,Lut gri,,X,,1,,,,,,,,,,,,,,,,,,,,,,,,,,,,,,,,,,,,
mutton snapper,"snapper, mutton",Lutjanus analis,Lutjanidae,Perciformes,Pisces,Lut ana,,,,,,,,,,,,,,,,,,,,,,,,,,,,,,,,,,,,,,,,
snapper,"snapper, spp.",Lutjanus spp.,Lutjanidae,Perciformes,Pisces,Lut spp,,X,,1,,,,,,,,,,,,,,,,,,,,,,,,,,,,,,,,,,,,
lane snapper,"snapper, lane ",Lutjanus synagris,Lutjanidae,Perciformes,Pisces,Lut syn,,X,,1,,,,,,,,,,,,,,,,,,,,,,,,,,,,,,,,,,,,
tarpon,"tarpon, atlantic",Megalops atlanticus,Megalopidae,,Pisces,Meg atl,,,,,,,,,,,,,,,,,,,,,,,,,,,,,,,,,,,,,,,,
dotterel filefish,"filefish, dotterel ",Aluterus heudelotii,Monacanthidae,Tetraodontiformes,Pisces,Alu heu,,X,,1,,,,,,,,,,,,,,,,,,,,,,,,,,,,,,,,,,,,
orange filefish,"filefish, orange ",Aluterus schoepfii,Monacanthidae,Tetraodontiformes,Pisces,Alu sch,,X,,1,,,,,,,,,,,,,,,,,,,,,,,,,,,,,,,,,,,,
scrawled filefish,"filefish, scrawled ",Aluterus scriptus,Monacanthidae,Tetraodontiformes,Pisces,Alu scr,,X,,1,,,,,,,,,,,,,,,,,,,,,,,,,,,,,,,,,,,,
fringed filefish,"filefish, fringed",Monacanthus setifer,Monacanthidae,Tetraodontiformes,Pisces,Mon set,,X,added to species list and trawl sheet from GOM data,1,,,,,,,,,,,,,,,,,,,,,,,,,,,,,,,,,,,,
filefish,"filefish, unid spp.",,Monacanthidae,Tetraodontiformes,Pisces,Monacanthidae,,,,1,,,,,,,,,,,,,,,,,,,,,,,,,,,,,,,,,,,,
planehead filefish,"filefish, planehead",Stephanolepis hispidus,Monacanthidae,Tetraodontiformes,Pisces,Ste his,,X,,1,,,,,,,,,,,,,,,,,,,,,,,,,,,,,,,,,,,,
pygmy filefish,"filefish, pygmy ",Stephanolepis setifer,Monacanthidae,Tetraodontiformes,Pisces,Ste set,,X,aka: Monacanthus setifer; added to trawl sheet from GOM data,1,,,,,,,,,,,,,,,,,,,,,,,,,,,,,,,,,,,,
white perch,"perch, white ",Morone americana,Moronidae,Perciformes,Pisces,Mor ame,,,,1,,,,,,,,,,,,,,,,,,,,,,,,,,,,,,,,,,,,
striped mullet,"mullet, striped",Mugil cephalus,Mugilidae,Mugiliformes,Pisces,Mug cep,,X,aka: jumping mullet,1,,,,,,,,,,,,,,,,,,,,,,,,,,,,,,,,,,,,
white mullet,"mullet, white ",Mugil curema,Mugilidae,Mugiliformes,Pisces,Mug cur,,X,added to trawl datasheet from GOM data,1,,,,,,,,,,,,,,,,,,,,,,,,,,,,,,,,,,,,
mullet,mullet spp.,Mugil spp.,Mugilidae,Mugiliformes,Pisces,Mug spp,,,,1,,,,,,,,,,,,,,,,,,,,,,,,,,,,,,,,,,,,
goatfish,"goatfish, spotted ",Pseudupeneus maculatus,Mullidae,Perciformes,Pisces,Pse mac,,X,added to trawl datasheet from frag per se data,1,,,,,,,,,,,,,,,,,,,,,,,,,,,,,,,,,,,,
eel,eel spp.,Bascanichthys spp.,Ophichthidae,Anguilliformes,Pisces,Bas spp,,,,1,,,,,,,,,,,,,,,,,,,,,,,,,,,,,,,,,,,,
cusk eel,"eel, cusk",,Ophidiidae,Ophidiiformes,Pisces,Ophidiidae,,X,added to species list and trawl sheet from GOM data,1,,,,,,,,,,,,,,,,,,,,,,,,,,,,,,,,,,,,
scrawled cowfish,"cowfish, scrawled",Acanthostracion quadricornis,Ostraciidae,Tetradontiformes,Pisces,Aca qua,,X,added to species list and trawl sheet from GOM data,1,,,,,,,,,,,,,,,,,,,,,,,,,,,,,,,,,,,,
oceallated flounder,"flounder, oceallated ",Ancylopsetta ommata,Paralichthyidae,Pleuronectiformes,Pisces,Anc omm,,X,,1,,,,,,,,,,,,,,,,,,,,,,,,,,,,,,,,,,,,
bay whiff,"whiff, bay",Citharichthys spilopterus,Paralichthyidae,Pleuronectiformes,Pisces,Cit spi,,X,,1,,,,,,,,,,,,,,,,,,,,,,,,,,,,,,,,,,,,
whiff,whiff spp.,Citharichthys spp.,Paralichthyidae,Pleuronectiformes,Pisces,Cit spp,,X,,1,,,,,,,,,,,,,,,,,,,,,,,,,,,,,,,,,,,,
fringed flounder,"flounder, fringed  ",Etropus crossotus,Paralichthyidae,Pleuronectiformes,Pisces,Etr cro,,X,,1,,,,,,,,,,,,,,,,,,,,,,,,,,,,,,,,,,,,
small mouth flounder,"flounder, small mouth",Etropus microstonus,Paralichthyidae,Pleuronectiformes,Pisces,Etr mic,,X,added to trawl datasheet and species list from frag per se data,1,,,,,,,,,,,,,,,,,,,,,,,,,,,,,,,,,,,,
gulf flounder,"flounder, gulf",Paralichthys albigutta,Paralichthyidae,Pleuronectiformes,Pisces,Par alb,,X,,1,,,,,,,,,,,,,,,,,,,,,,,,,,,,,,,,,,,,
summer flounder,"flounder, summer",Paralichthys dentatus,Paralichthyidae,Pleuronectiformes,Pisces,Par den,,X,,1,,,,,,,,,,,,,,,,,,,,,,,,,,,,,,,,,,,,
southern flounder,"flounder, southern",Paralichthys lethostigma,Paralichthyidae,Pleuronectiformes,Pisces,Par let,,X,,1,,,,,,,,,,,,,,,,,,,,,,,,,,,,,,,,,,,,
fourspot flounder,"flounder, fourspot",Paralichthys oblongus,Paralichthyidae,Pleuronectiformes,Pisces,Par obl,,X,,1,,,,,,,,,,,,,,,,,,,,,,,,,,,,,,,,,,,,
paralichthys,flounder spp.,Paralichthys spp.,Paralichthyidae,Pleuronectiformes,Pisces,Par spp,,X,,1,,,,,,,,,,,,,,,,,,,,,,,,,,,,,,,,,,,,
flounder,flounder spp.,,Paralichthyidae,Pleuronectiformes,Pisces,Paralichthyidae,,,specifically for un-ID flounder that are definitively not paralichthys,1,,,,,,,,,,,,,,,,,,,,,,,,,,,,,,,,,,,,
yellow perch,"perch, yellow ",Perca flavescens,Percidae,Perciformes,Pisces,Per fla,,X,,1,,,,,,,,,,,,,,,,,,,,,,,,,,,,,,,,,,,,
perch,"perch, unid spp.",,Percidae,Perciformes,Pisces,Percidae,,,,1,,,,,,,,,,,,,,,,,,,,,,,,,,,,,,,,,,,,
mosquito fish,mosquito fish,Gambusia affinis,Poeciliidae,Cyprinodontiformes,Pisces,Gam aff,,X,added to species list and trawl sheet from GOM data,1,,,,,,,,,,,,,,,,,,,,,,,,,,,,,,,,,,,,
eastern mosquito,"mosquitofish, eastern",Gambusia holbrooki,Poeciliidae,Cyprinodontiformes,Pisces,Gam hol,,,,,,,,,,,,,,,,,,,,,,,,,,,,,,,,,,,,,,,,
gambusia,gambusia,Gambusia spp.,Poeciliidae,Cyprinodontiformes,Pisces,Gamb spp,,X,added to species list and trawl sheet from GOM data,1,,,,,,,,,,,,,,,,,,,,,,,,,,,,,,,,,,,,
sailfin molly,sailfin molly,Poecilia latipinna,Poeciliidae,Cyprinodontiformes,Pisces,Poe lat,,X,added to species list and trawl sheet from GOM data,1,,,,,,,,,,,,,,,,,,,,,,,,,,,,,,,,,,,,
atlantic threadfin,"threadfin, atlantic",Polydactylus octonemus,Polynemidae,Perciformes,Pisces,Pol oct,,,,1,,,,,,,,,,,,,,,,,,,,,,,,,,,,,,,,,,,,
threadfin,threadfin spp.,polydactylus spp.,Polynemidae,Perciformes,Pisces,Pol spp,,,,1,,,,,,,,,,,,,,,,,,,,,,,,,,,,,,,,,,,,
sergeant major,sergeant major,Abudefduf saxatilis,Pomacentrinae,Perciformes,Pisces,Abu sax,,X,,1,,,,,,,,,,,,,,,,,,,,,,,,,,,,,,,,,,,,
bluefish,bluefish,Pomatomus saltatrix,Pomatomidae,Perciformes,Pisces,Pom sal,,X,,1,,,,,,,,,,,,,,,,,,,,,,,,,,,,,,,,,,,,
cobia,cobia,Rachycentron canadum,Rachycentridae,Perciformes,Pisces,Rac can,,X,,1,,,,,,,,,,,,,,,,,,,,,,,,,,,,,,,,,,,,
emerald parrotfish,"parrotfish, emerald",Nicholsina usta,Scaridae,Perciformes,Pisces,Nic ust,,X,added to species list and trawl sheet from GOM data,1,,,,,,,,,,,,,,,,,,,,,,,,,,,,,,,,,,,,
parrot fish,"parrot fish, unid spp.",,Scaridae,Perciformes,Pisces,Scaridae,,X,,1,,,,,,,,,,,,,,,,,,,,,,,,,,,,,,,,,,,,
bucktooth parrotfish,"parrotifish, bucktooth",Sparisoma radians,Scaridae,Perciformes,Pisces,Spa rad,,X,added to species list and trawl sheet from GOM data,1,,,,,,,,,,,,,,,,,,,,,,,,,,,,,,,,,,,,
stoplight parrotfish,"parrotfish, stoplight",Sparisoma viridae,Scaridae,Perciformes,Pisces,Spa vir,,X,added to species list and trawl sheet from GOM data,1,,,,,,,,,,,,,,,,,,,,,,,,,,,,,,,,,,,,
silver perch,"perch, silver ",Bairdiella chrysoura,Sciaenidae,Perciformes,Pisces,Bai chr,,X,,1,,,,,,,,,,,,,,,,,,,,,,,,,,,,,,,,,,,,
white sea trout,"sea trout, white",Cynoscion arenarius,Sciaenidae,Perciformes,Pisces,Cyn are,,X,added to species list and trawl sheet from GOM data,1,,,,,,,,,,,,,,,,,,,,,,,,,,,,,,,,,,,,
speckled sea trout,"sea trout, speckled",Cynoscion nebulosus,Sciaenidae,Perciformes,Pisces,Cyn neb,,X,,1,,,,,,,,,,,,,,,,,,,,,,,,,,,,,,,,,,,,
spot,spot,Leiostomus xanthurus,Sciaenidae,Perciformes,Pisces,Lei xan,,X,,1,,,,,,,,,,,,,,,,,,,,,,,,,,,,,,,,,,,,
kingfish,kingfish spp.,Menticirrhus spp.,Sciaenidae,Perciformes,Pisces,Ment spp,,X,aka: gulf or southern kingfish,1,,,,,,,,,,,,,,,,,,,,,,,,,,,,,,,,,,,,
croaker,"croaker, atlantic",Micropogonias undulatus,Sciaenidae,Perciformes,Pisces,Mic und,,X,,1,,,,,,,,,,,,,,,,,,,,,,,,,,,,,,,,,,,,
black drum,"drum, black",Pogonias cromis,Sciaenidae,Perciformes,Pisces,Pog cro,,X,,1,,,,,,,,,,,,,,,,,,,,,,,,,,,,,,,,,,,,
red drum,"drum, red",Sciaenops ocellatus,Sciaenidae,Perciformes,Pisces,Sci oce,,X,,1,,,,,,,,,,,,,,,,,,,,,,,,,,,,,,,,,,,,
drum,"drum/croaker, unid spp.",,Sciaenidae,Perciformes,Pisces,Sciaenidae,,X,drum or croaker,1,,,,,,,,,,,,,,,,,,,,,,,,,,,,,,,,,,,,
"sciaenidae, juv","sciaenidae, juv",,Sciaenidae,Perciformes,Pisces,Sciaenidae juv,,,,,,,,,,,,,,,,,,,,,,,,,,,,,,,,,,,,,,,,
spanish mackerel,"mackerel, spanish ",Scomberomorus maculatus,Scombridae,Perciformes,Pisces,Sco mac,,X,,1,,,,,,,,,,,,,,,,,,,,,,,,,,,,,,,,,,,,
mackerel,mackerel spp.,Scomberomorus spp.,Scombridae,Perciformes,Pisces,Sco spp,,X,added to trawl datasheet from GOM data,1,,,,,,,,,,,,,,,,,,,,,,,,,,,,,,,,,,,,
spotted scorpionfish,"scorpionfish, spotted",Scorpaena plumieri,Scorpaenidae,Scorpaeniformes,Pisces,Sco plu,,X,added to species list and trawl sheet from GOM data,1,,,,,,,,,,,,,,,,,,,,,,,,,,,,,,,,,,,,
scorpionfish,"scorpionfish, unid spp.",,Scorpaenidae,Scorpaeniformes,Pisces,Scorpaenidae,,X,,1,,,,,,,,,,,,,,,,,,,,,,,,,,,,,,,,,,,,
bank sea bass,"sea bass, bank",Centropristis ocyurus,Serranidae,Perciformes,Pisces,Cen ocy,,X,,1,,,,,,,,,,,,,,,,,,,,,,,,,,,,,,,,,,,,
rock sea bass,"sea bass, rock",Centropristis philadelphica ,Serranidae,Perciformes,Pisces,Cen phi,,X,added to species list and trawl sheet from GOM data,1,,,,,,,,,,,,,,,,,,,,,,,,,,,,,,,,,,,,
sea bass,sea bass,Centropristis spp.,Serranidae,Perciformes,Pisces,Cen spp,,,,1,,,,,,,,,,,,,,,,,,,,,,,,,,,,,,,,,,,,
black sea bass,"sea bass, black ",Centropristis striata,Serranidae,Perciformes,Pisces,Cen str,,X,,1,,,,,,,,,,,,,,,,,,,,,,,,,,,,,,,,,,,,
sand perch,"perch, sand ",Diplectrum formosum,Serranidae,Perciformes,Pisces,Dip for,,X,,1,,,,,,,,,,,,,,,,,,,,,,,,,,,,,,,,,,,,
red grouper,"grouper, red ",Epimephelus morio,Serranidae,Perciformes,Pisces,Epi mor,,X,,1,,,,,,,,,,,,,,,,,,,,,,,,,,,,,,,,,,,,
black grouper,"grouper, black ",Mycteroperca bonaci,Serranidae,Perciformes,Pisces,Myc bon,,X,,1,,,,,,,,,,,,,,,,,,,,,,,,,,,,,,,,,,,,
gag,"grouper, gag",Mycteroperca microlepis,Serranidae,Perciformes,Pisces,Myc mic,,X,,1,,,,,,,,,,,,,,,,,,,,,,,,,,,,,,,,,,,,
comb grouper,"grouper, comb",Mycteroperca rubra,Serranidae,Perciformes,Pisces,Myc rub,,X,added to species list and trawl sheet from GOM data,1,,,,,,,,,,,,,,,,,,,,,,,,,,,,,,,,,,,,
pygmy sea bass,"sea bass, pygmy",Serraniculus pumilio,Serranidae,Perciformes,Pisces,Ser pum,,X,added to species list and trawl sheet from GOM data,1,,,,,,,,,,,,,,,,,,,,,,,,,,,,,,,,,,,,
belted sandfish,"sandfish, belted",Serranus subligarius,Serranidae,Perciformes,Pisces,Ser sub,,X,,1,,,,,,,,,,,,,,,,,,,,,,,,,,,,,,,,,,,,
grouper,"grouper, unid spp.",,Serranidae,Perciformes,Pisces,Serranidae,,,,1,,,,,,,,,,,,,,,,,,,,,,,,,,,,,,,,,,,,
sheepshead,sheepshead,Archosargus probatocephalus,Sparidae,Perciformes,Pisces,Arc pro,,X,,1,,,,,,,,,,,,,,,,,,,,,,,,,,,,,,,,,,,,
spottail,"pinfish, spottail",Diplodus holbrooki,Sparidae,Perciformes,Pisces,Dip hol,,X,,1,,,,,,,,,,,,,,,,,,,,,,,,,,,,,,,,,,,,
pinfish,pinfish,Lagodon rhomboides,Sparidae,Perciformes,Pisces,Lag rho,,X,,1,,,,,,,,,,,,,,,,,,,,,,,,,,,,,,,,,,,,
longspine porgy,"porgy, longspine",Stenotomus caprinus,Sparidae,Perciformes,Pisces,Ste cap,,X,,1,,,,,,,,,,,,,,,,,,,,,,,,,,,,,,,,,,,,
great barracuda,"barracuda, great ",Sphyraena barracuda,Sphyraenidae,Perciformes,Pisces,Sph bar,,,,1,,,,,,,,,,,,,,,,,,,,,,,,,,,,,,,,,,,,
northern sennet,"sennet, northern",Sphyraena borealis,Sphyraenidae,Perciformes,Pisces,Sph bor,,,,1,,,,,,,,,,,,,,,,,,,,,,,,,,,,,,,,,,,,
southern sennet,"sennet, southern ",Sphyraena picudilla,Sphyraenidae,Perciformes,Pisces,Sph pic,,,,1,,,,,,,,,,,,,,,,,,,,,,,,,,,,,,,,,,,,
sennet,sennet spp.,Sphyraena spp.,Sphyraenidae,Perciformes,Pisces,Sphy spp,,X,,1,,,,,,,,,,,,,,,,,,,,,,,,,,,,,,,,,,,,
unid sphyraenidae,unid sphyraenid,,Sphyraenidae,Perciformes,Pisces,Sphyraenidae,,X,,1,,,,,,,,,,,,,,,,,,,,,,,,,,,,,,,,,,,,
gulf butterfish,"butterfish, gulf",Peprilus burti,Stromateidae,Perciformes,Pisces,Pep bur,,X,added to species list and trawl sheet from GOM data,1,,,,,,,,,,,,,,,,,,,,,,,,,,,,,,,,,,,,
atlantic butterfish,"butterfish, atlantic",Peprilus triacanthus,Stromateidae,Perciformes,Pisces,Pep tri,,,,,,,,,,,,,,,,,,,,,,,,,,,,,,,,,,,,,,,,
seahorse,seahorse spp.,Hippocampus spp.,Syngnathidae,Sygnathiformes,Pisces,Hippoc spp,,X,added to trawl datasheet from GOM data,1,,,,,,,,,,,,,,,,,,,,,,,,,,,,,,,,,,,,
dusky pipfish,"pipefish, dusky",Syngnathus floridae,Syngnathidae,Syngnathiformes,Pisces,Syn flo,,X,added to trawl datasheet from crfl landscape data,1,,,,,,,,,,,,,,,,,,,,,,,,,,,,,,,,,,,,
pipefish,pipefish spp.,Syngnathus spp.,Syngnathidae,Syngnathiformes,Pisces,Syn spp,,X,,1,,,,,,,,,,,,,,,,,,,,,,,,,,,,,,,,,,,,
lizardfish,"lizardfish, inshore",Synodus foetens,Synodontidae,Aulopiformes,Pisces,Syn foe,,X,,1,,,,,,,,,,,,,,,,,,,,,,,,,,,,,,,,,,,,
northern puffer,"puffer, northern",Sphoeroides maculatus,Tetraodontidae,Tetraodontiformes,Pisces,Sph mac,,X,,1,,,,,,,,,,,,,,,,,,,,,,,,,,,,,,,,,,,,
puffer,puffer spp.,Sphoeroides spp.,Tetraodontidae,Tetraodontiformes,Pisces,Spho spp,,X,,1,,,,,,,,,,,,,,,,,,,,,,,,,,,,,,,,,,,,
dogfish,"dogfish, smooth ",Mustelus canis,Triakidae,Elasmobranchii,Pisces,Mus can,,X,,1,,,,,,,,,,,,,,,,,,,,,,,,,,,,,,,,,,,,
cutlassfish,cutlassfish spp.,,Trichiuridae,Perciformes,Pisces,Trichiuridae,,,,,,,,,,,,,,,,,,,,,,,,,,,,,,,,,,,,,,,,
prionotus sea robin,searobin spp.,Prionotus spp.,Triglidae,Scorpaeniformes,Pisces,Pri spp,,,,1,,,,,,,,,,,,,,,,,,,,,,,,,,,,,,,,,,,,
bighead searobin,"searobin, bighead ",Prionotus tribulus,Triglidae,Scorpaeniformes,Pisces,Pri tri,,,,1,,,,,,,,,,,,,,,,,,,,,,,,,,,,,,,,,,,,
sea robin,sea robin,,Triglidae,Scorpaeniformes,Pisces,Triglidae,,,NOT ADDED TO MASTER YET,1,,,,,,,,,,,,,,,,,,,,,,,,,,,,,,,,,,,,
northern stargazer,"stargazer, northern ",Astroscopus guttatus,Uranoscopidae,Perciformes,Pisces,Ast gut,,X,,1,,,,,,,,,,,,,,,,,,,,,,,,,,,,,,,,,,,,
stargazer,stargazer,,Uranoscopidae,Perciformes,Pisces,Uranoscopidae,,,,1,,,,,,,,,,,,,,,,,,,,,,,,,,,,,,,,,,,,
unid perciform,"fish, perciform (order) unid spp.",,,Perciformes,Pisces,Perciformes,,,,1,,,,,,,,,,,,,,,,,,,,,,,,,,,,,,,,,,,,
,,,,,Pisces,UnID Fish,,,,1,,,,,,,,,,,,,,,,,,,,,,,,,,,,,,,,,,,,
unid fish,"fish, un-id spp.",,,,Pisces,UnID LarvFish,,,UnID Postlarval Fish added to Master trawl data,1,,,,,,,,,,,,,,,,,,,,,,,,,,,,,,,,,,,,
blacktip,"shark, blacktip",Carcharhinus limbatus,Carcharhinidae,Carcharhiniformes,Elasmobranch,Car lim,,,,2,,,,,,,,,,,,,,,,,,,,,,,,,,,,,,,,,,,,
atlantic sharpnose,"shark, atlantic sharpnose",Rhizoprionodon terraenovae,Carcharhinidae,Carcharhiniformes,Elasmobranch,Rhi ter,,X,added to trawl datasheet from GOM data,2,,,,,,,,,,,,,,,,,,,,,,,,,,,,,,,,,,,,
southern ray,"stingray, southern",Dasyatis americana,Dasyatidae,Myliobatiformes,Elasmobranch,Das ame,,X,,2,,,,,,,,,,,,,,,,,,,,,,,,,,,,,,,,,,,,
roughtail ray,"stingray, roughtail ",Dasyatis centroura,Dasyatidae,Myliobatiformes,Elasmobranch,Das cen,,X,,2,,,,,,,,,,,,,,,,,,,,,,,,,,,,,,,,,,,,
atlantic ray,"stingray, atlantic",Dasyatis sabina,Dasyatidae,Myliobatiformes,Elasmobranch,Das sab,,X,,2,,,,,,,,,,,,,,,,,,,,,,,,,,,,,,,,,,,,
bluntnose ray,"stingray, bluntnose ",Dasyatis say,Dasyatidae,Myliobatiformes,Elasmobranch,Das say,,X,,2,,,,,,,,,,,,,,,,,,,,,,,,,,,,,,,,,,,,
stingray,stingray spp.,Dasyatis spp.,Dasyatidae,Myliobatiformes,Elasmobranch,Das spp,,X,,2,,,,,,,,,,,,,,,,,,,,,,,,,,,,,,,,,,,,
butterfly ray,"stingray, butterfly ",Gymnura micrura,Gymnuridae,Myliobatiformes,Elasmobranch,Gym mic,,X,,2,,,,,,,,,,,,,,,,,,,,,,,,,,,,,,,,,,,,
bullnose ray,"stingray, bullnose",Myliobatis freminvillii,Myliobatidae,Myliobatiformes,Elasmobranch,Myl fre,,X,,2,,,,,,,,,,,,,,,,,,,,,,,,,,,,,,,,,,,,
cownose ray,"stingray, cownose",Rhinoptera bonasus,Rhinooteridae,Myliobatiformes,Elasmobranch,Rhi bon,,,,,,,,,,,,,,,,,,,,,,,,,,,,,,,,,,,,,,,,
breif squid,"squid, breif ",Lolliguncula brevis,Loliginidae,Teuthida ,Cephalopod,Lol bre,,X,,3,,,,,,,,,,,,,,,,,,,,,,,,,,,,,,,,,,,,
shortfin squid,"squid, shortfin",Illex illecebrosus,Ommastrephidae,Teuthida,Cephalopod,Ill ill,,,,3,,,,,,,,,,,,,,,,,,,,,,,,,,,,,,,,,,,,
squid,"squid, unid spp.",,,Teuthida,Cephalopod,Teuthida,,X,,3,,,,,,,,,,,,,,,,,,,,,,,,,,,,,,,,,,,,
true crab,"crab, true unid spp.",,Brachyura [infraorder],Decapoda,Crustacean_crab,Brachyura,,,crab,4.125,,,,,,,,,,,,,,,,,,,,,,,,,,,,,,,,,,,,
rock crab,"crab, atlantic rock",Cancer irroratus,Cancridae,Decapoda,Crustacean_crab,Can irr,,,,4.125,,,,,,,,,,,,,,,,,,,,,,,,,,,,,,,,,,,,
thinstripe hermit crab,"crab, thinstripe hermit ",Clibanarius vittatus,Diogenidae,Decapoda,Crustacean_crab,Cli vit,,,aka: striped hermit,4.125,,,,,,,,,,,,,,,,,,,,,,,,,,,,,,,,,,,,
longnose spider crab,"crab, longnose spider",Libinia dubia,Epialtidae,Decapoda,Crustacean_crab,Lib dub,,,,4.125,,,,,,,,,,,,,,,,,,,,,,,,,,,,,,,,,,,,
libinia emarginata,"crab, common spider ",Libinia emarginata,Epialtidae,Decapoda,Crustacean_crab,Lib ema,,,aka: Nine-spined Spider Crab (common),4.125,,,,,,,,,,,,,,,,,,,,,,,,,,,,,,,,,,,,
libinia ferreirae,"crab, spider sp.",Libinia ferreirae,Epialtidae,Decapoda,Crustacean_crab,Lib fer,,,,4.125,,,,,,,,,,,,,,,,,,,,,,,,,,,,,,,,,,,,
spider crab,"crab, spider/decorator spp.",Libinia spp.,Epialtidae,Decapoda,Crustacean_crab,Lib spp,,X,,4.125,,,,,,,,,,,,,,,,,,,,,,,,,,,,,,,,,,,,
horseshoe crab,"crab, horseshoe unid spp.",,Limulidae,Xiphosurida,Crustacean_crab,Limulidae,,X,,4.125,,,,,,,,,,,,,,,,,,,,,,,,,,,,,,,,,,,,
stone crab,"crab, stone ",Menippe mercenaria,Menippidae,Decapoda,Crustacean_crab,Men mer,,X,,4.125,,,,,,,,,,,,,,,,,,,,,,,,,,,,,,,,,,,,
green clinging crab,"crab, green clinging ",Mithraculus sculptus,Mithracidae,Decapoda,Crustacean_crab,Mit scu,,,,4.125,,,,,,,,,,,,,,,,,,,,,,,,,,,,,,,,,,,,
spiny lobster,"lobster, spiny spp.",Panulirus spp.,Nephropsidae,Decapoda,Crustacean_crab,Pan spp,,X,,4.125,,,,,,,,,,,,,,,,,,,,,,,,,,,,,,,,,,,,
atlantic sand fiddler crab,"crab, atlantic sand fiddler ",Leptuca pugilator,Ocypodidae,Decapoda,Crustacean_crab,Lep pug,,,aka: Uca pugilator,4.125,,,,,,,,,,,,,,,,,,,,,,,,,,,,,,,,,,,,
mudflat fiddler crab,"crab, mudflat fiddler ",Minuca rapax,Ocypodidae,Decapoda,Crustacean_crab,Min rap,,,aka: Uca pugnax,4.125,,,,,,,,,,,,,,,,,,,,,,,,,,,,,,,,,,,,
fiddler crab,"crab, fiddler ",Uca spp.,Ocypodidae,Decapoda,Crustacean_crab,Uca spp,,,,4.125,,,,,,,,,,,,,,,,,,,,,,,,,,,,,,,,,,,,
ghost crab,"crab, ghost unid spp.",,Ocypodinae,Decapoda,Crustacean_crab,Ocypodinae,,,"crab, ghost/common shore spp.",4.125,,,,,,,,,,,,,,,,,,,,,,,,,,,,,,,,,,,,
dwarf hermit crab,"crab, dwarf hermit",Pagurus annulipes,Paguroidea,Decapoda,Crustacean_crab,Pag ann,,,,4.125,,,,,,,,,,,,,,,,,,,,,,,,,,,,,,,,,,,,
long-clawed hermit crab,"crab, long-clawed hermit",Pagurus longicarpus,Paguroidea,Decapoda,Crustacean_crab,Pag lon,,,,4.125,,,,,,,,,,,,,,,,,,,,,,,,,,,,,,,,,,,,
flatclaw hermit crab,"crab, flatclaw hermit",Pagurus pollicaris,Paguroidea,Decapoda,Crustacean_crab,Pag pol,,,,4.125,,,,,,,,,,,,,,,,,,,,,,,,,,,,,,,,,,,,
pagurus,"crab, hermit spp/",Pagurus spp.,Paguroidea,Decapoda,Crustacean_crab,Pag spp,,,,4.125,,,,,,,,,,,,,,,,,,,,,,,,,,,,,,,,,,,,
hermit crab,"crab, hermit unid spp.",,Paguroidea,Decapoda,Crustacean_crab,Paguroidae,,X,Pag ,4.125,,,,,,,,,,,,,,,,,,,,,,,,,,,,,,,,,,,,
dyspanopeus,"crab, say mud",Dyspanopeus sayi,Panopeidae,Decapoda,Crustacean_crab,Dys say,,,"aka: Neopanopeus sayi, black-fingered mud crab (2/3)",4.125,,,,,,,,,,,,,,,,,,,,,,,,,,,,,,,,,,,,
eurypanopeus,"crab, depressed mud",Eurypanopeus depressus,Panopeidae,Decapoda,Crustacean_crab,Eur dep,,,"aka: flatback mud crab, black-fingered mud crab (1/3)",4.125,,,,,,,,,,,,,,,,,,,,,,,,,,,,,,,,,,,,
panopeus,"crab, atlantic mud",Panopeus herbstii,Panopeidae,Decapoda,Crustacean_crab,Pan her,,X,aka: black-fingered mud crab (3/3),4.125,,,,,,,,,,,,,,,,,,,,,,,,,,,,,,,,,,,,
mud crab,"crab, mud unid spp.",,Panopeidae,Decapoda,Crustacean_crab,Panopeidae,,X,Panopeid sp.; aka: Xanthidae,4.125,,,,,,,,,,,,,,,,,,,,,,,,,,,,,,,,,,,,
rhithropanopeus,"crab, white fingered mud ",Rhithropanopeus harrisii,Panopeidae,Decapoda,Crustacean_crab,Rhi har,,,,4.125,,,,,,,,,,,,,,,,,,,,,,,,,,,,,,,,,,,,
smooth elbow crab,"crab, smooth elbow",Heterocrypta granulata,Parthenopidae,Decapoda,Crustacean_crab,Het gra,,,"sm crab, triangle carapace",4.125,,,,,,,,,,,,,,,,,,,,,,,,,,,,,,,,,,,,
pilumnus,"crab, spineback hairy ",Pilumnus sayi,Pilumnidae,Decapoda,Crustacean_crab,Pil say,,,,4.125,,,,,,,,,,,,,,,,,,,,,,,,,,,,,,,,,,,,
tube pea crab,"crab, tube pea ",Pinnixa chaetopterana,Pinnotheridae,Decapoda,Crustacean_crab,Pin cha,,,,4.125,,,,,,,,,,,,,,,,,,,,,,,,,,,,,,,,,,,,
pinnixa cylindrica,"crab, pea sp.",Pinnixa cylindrica,Pinnotheridae,Decapoda,Crustacean_crab,Pin cyl,,,,4.125,,,,,,,,,,,,,,,,,,,,,,,,,,,,,,,,,,,,
elongate crab,"crab, elongate ",Pinnixa retinens,Pinnotheridae,Decapoda,Crustacean_crab,Pin ret,,,,4.125,,,,,,,,,,,,,,,,,,,,,,,,,,,,,,,,,,,,
pinnixa sayana,"crab, pea sp.",Pinnixa sayana,Pinnotheridae,Decapoda,Crustacean_crab,Pin say,,,,4.125,,,,,,,,,,,,,,,,,,,,,,,,,,,,,,,,,,,,
pinnixa,"crab, pea spp.",Pinnixa spp.,Pinnotheridae,Decapoda,Crustacean_crab,Pin spp,,,,4.125,,,,,,,,,,,,,,,,,,,,,,,,,,,,,,,,,,,,
oyster crab,"crab, oyster ",Zaops ostreus,Pinnotheridae,Decapoda,Crustacean_crab,Zao ost,,,aka: Pinnotheres ostreus,4.125,,,,,,,,,,,,,,,,,,,,,,,,,,,,,,,,,,,,
megalobrachium soriatum,crab sp.,Megalobrachium soriatum,Porcellanidae,Decapoda,Crustacean_crab,Meg sor,,,,4.125,,,,,,,,,,,,,,,,,,,,,,,,,,,,,,,,,,,,
blotched swimming crab,"crab, blotched swimming ",Achelous spinimanus,Portunidae,Decapoda,Crustacean_crab,Ach spi,,X,aka: Portunus spinimanus,4.125,,,,,,,,,,,,,,,,,,,,,,,,,,,,,,,,,,,,
speckled swimming crab,"crab, speckled swimming ",Arenaeus cribrarius,Portunidae,Decapoda,Crustacean_crab,Are cri,,X, ,4.125,,,,,,,,,,,,,,,,,,,,,,,,,,,,,,,,,,,,
blue crab,"crab, blue ",Callinectes sapidus,Portunidae,Decapoda,Crustacean_crab,Cal sap,,X,"crab, true blue ",4.125,,,,,,,,,,,,,,,,,,,,,,,,,,,,,,,,,,,,
callinectes similis,"crab, lesser blue",Callinectes similis,Portunidae,Decapoda,Crustacean_crab,Cal sim,,,,4.125,,,,,,,,,,,,,,,,,,,,,,,,,,,,,,,,,,,,
iridescent swimming crab,"crab, iridescent swimming ",Portunus gibbesii,Portunidae,Decapoda,Crustacean_crab,Por gib,,X,,4.125,,,,,,,,,,,,,,,,,,,,,,,,,,,,,,,,,,,,
portunus,"crab, swimming spp.",Portunus spp.,Portunidae,Decapoda,Crustacean_crab,Por spp,,X,,4.125,,,,,,,,,,,,,,,,,,,,,,,,,,,,,,,,,,,,
swimming crab,"crab, swimming unid spp.",,Portunidae,Decapoda,Crustacean_crab,Portunidae,,,"Portunidae sp., crab ",4.125,,,,,,,,,,,,,,,,,,,,,,,,,,,,,,,,,,,,
marsh crab,"crab, marsh",Sesarma reticulatum,Sesarmidae,Decapoda,Crustacean_crab,Ses ret,,X,aka: purple marsh crab,4.125,,,,,,,,,,,,,,,,,,,,,,,,,,,,,,,,,,,,
crab,"crab, unid spp.",,,Decapoda,Crustacean_crab,UnID Crab,,,,4.125,,,,,,,,,,,,,,,,,,,,,,,,,,,,,,,,,,,,
striped snapping shrimp,"shrimp, striped snapping",Alpheus formosus,Alpheidae,Decapoda,Crustacean_shrimp,Alp for,,,,4.25,,,,,,,,,,,,,,,,,,,,,,,,,,,,,,,,,,,,
big claw snapping shrimp,"shrimp, big claw snapping",Alpheus heterochaelis,Alpheidae,Decapoda,Crustacean_shrimp,Alp het,,,,4.25,,,,,,,,,,,,,,,,,,,,,,,,,,,,,,,,,,,,
green snapping shrimp,"shrimp, green snapping",Alpheus normanni,Alpheidae,Decapoda,Crustacean_shrimp,Alp nor,,,,4.25,,,,,,,,,,,,,,,,,,,,,,,,,,,,,,,,,,,,
snapping shrimp,"shrimp, snapping spp.",,Alpheidae,Decapoda,Crustacean_shrimp,Alpheidae,,X,,4.25,,,,,,,,,,,,,,,,,,,,,,,,,,,,,,,,,,,,
biform ghost shrimp,"shrimp, biform ghost ",Biffarius biformis,Callianassidae,Decapoda,Crustacean_shrimp,Bif bif,,,aka: Callianassa biformis,4.25,,,,,,,,,,,,,,,,,,,,,,,,,,,,,,,,,,,,
bristle-footed ghost shrimp,"shrimp, bristle-footed ghost",Gilvossius setimanus,Callianassidae,Decapoda,Crustacean_shrimp,Gil set,,,aka: Callianassa atlantica,4.25,,,,,,,,,,,,,,,,,,,,,,,,,,,,,,,,,,,,
sand shrimp,"shrimp, sand",Crangon septemspinosa,Crangonidae,Decapoda,Crustacean_shrimp,Cra sep,,,aka: sevenspine bay shrimp,4.25,,,,,,,,,,,,,,,,,,,,,,,,,,,,,,,,,,,,
hippolyte,"shrimp, grass spp.",Hippolyte spp.,Hippolytidae,Decapoda,Crustacean_shrimp,Hippol spp,,X,Hip spp; aka: cleaner shrimp,4.25,,,,,,,,,,,,,,,,,,,,,,,,,,,,,,,,,,,,
blade shrimp,"shrimp, blade spp.",Spirontocaris spp.,Hippolytidae,Decapoda,Crustacean_shrimp,Spi spp,,,,4.25,,,,,,,,,,,,,,,,,,,,,,,,,,,,,,,,,,,,
arrow shrimp,"shrimp, arrow",Tozeuma carolinense,Hippolytidae,Decapoda,Crustacean_shrimp,Toz car,,X,,4.25,,,,,,,,,,,,,,,,,,,,,,,,,,,,,,,,,,,,
mantis shrimp,"shrimp, mantis ",Squilla empusa,Lysiosquillidae,Stomatapoda,Crustacean_shrimp,Squ emp,,X,,4.25,,,,,,,,,,,,,,,,,,,,,,,,,,,,,,,,,,,,
peppermint shrimp,"shrimp, peppermint ",Lysmata wurdemanni,Lysmatidae,Decapoda,Crustacean_shrimp,Lys wur,,,,4.25,,,,,,,,,,,,,,,,,,,,,,,,,,,,,,,,,,,,
Cinnamon River Prawn,Cinnamon River Prawn,Macrobrachium acanthurus,Palaemonidae,Decapoda,Crustacean_shrimp,Mac aca,,,,,,,,,,,,,,,,,,,,,,,,,,,,,,,,,,,,,,,,
brackish grass shrimp,"shrimp, brackish grass ",Palaemon mundusnovus,Palaemonidae,Decapoda,Crustacean_shrimp,Pal mun,,,aka: Palaemonetes intermedius,4.25,,,,,,,,,,,,,,,,,,,,,,,,,,,,,,,,,,,,
daggerblade grass shrimp,"shrimp, daggerblade grass",Palaemon pugio,Palaemonidae,Decapoda,Crustacean_shrimp,Pal pug,,,"aka: Palaemonetes pugio, shore shrimp (common); (1/2) ",4.25,,,,,,,,,,,,,,,,,,,,,,,,,,,,,,,,,,,,
grass shrimp,"shrimp, grass spp.",Palaemon spp.,Palaemonidae,Decapoda,Crustacean_shrimp,Pal spp,,X,aka: Palaemonetes spp.,4.25,,,,,,,,,,,,,,,,,,,,,,,,,,,,,,,,,,,,
common grass shrimp,"shrimp, common grass",Palaemon vulgaris,Palaemonidae,Decapoda,Crustacean_shrimp,Pal vul,,X,"aka: Palaemonetes vulgaris,  shore shrimp (common), marsh grass shrimp (common);  (2/2) ",4.25,,,,,,,,,,,,,,,,,,,,,,,,,,,,,,,,,,,,
american grass shrimp,"shrimp, american grass",Periclimenes americanus,Palaemonidae,Decapoda,Crustacean_shrimp,Per ame,,,,4.25,,,,,,,,,,,,,,,,,,,,,,,,,,,,,,,,,,,,
brown shrimp,"shrimp, brown",Penaeus aztecus,Penaeidae,Decapoda,Crustacean_shrimp,Pen azt,,X,added to trawl datasheet and species list from frag per se data,4.25,,,,,,,,,,,,,,,,,,,,,,,,,,,,,,,,,,,,
commercial pink shrimp?,"shrimp, commercial pink",Penaeus duorarum,Penaeidae,Decapoda,Crustacean_shrimp,Pen duo,,,aka: Farfantepenaeus duorarum,4.25,,,,,,,,,,,,,,,,,,,,,,,,,,,,,,,,,,,,
white shrimp,"shrimp, white ",Penaeus setiferus,Penaeidae,Decapoda,Crustacean_shrimp,Pen set,,,aka: Litopenaeus setiferus,4.25,,,,,,,,,,,,,,,,,,,,,,,,,,,,,,,,,,,,
penaeid,"shrimp, penaeid unid spp.",,Penaeidae,Decapoda,Crustacean_shrimp,Pen spp,,X,"aka: Farfantepenaeus, brown/pink,",4.25,,,,,,,,,,,,,,,,,,,,,,,,,,,,,,,,,,,,
lesser rock shrimp,"shrimp, lesser rock",Sicyonia dorsalis,Penaeidae,Decapoda,Crustacean_shrimp,Sic dor,,,,4.25,,,,,,,,,,,,,,,,,,,,,,,,,,,,,,,,,,,,
sicyonia laevigata,"shrimp, rock",Sicyonia laevigata,Penaeidae,Decapoda,Crustacean_shrimp,Sic lae,,,,4.25,,,,,,,,,,,,,,,,,,,,,,,,,,,,,,,,,,,,
sicyonia spp.,"shrimp, rock spp.",Sicyonia spp.,Sicyoniidae,Decapoda,Crustacean_shrimp,Sic spp,,X,,4.25,,,,,,,,,,,,,,,,,,,,,,,,,,,,,,,,,,,,
white rock shrimp,"shrimp, white rock ",Eualus pusiolus,Thoridae,Decapoda,Crustacean_shrimp,Eua pus,,,,4.25,,,,,,,,,,,,,,,,,,,,,,,,,,,,,,,,,,,,
mud shrimp,"shrimp, coastal mud ",Upogebia affinis,Upogebiidae,Decapoda,Crustacean_shrimp,Upo aff,,,,4.25,,,,,,,,,,,,,,,,,,,,,,,,,,,,,,,,,,,,
shrimp,"shrimp, unid spp.",,,Decapoda,Crustacean_shrimp,UnID Shrimp,,X,shrimp,4.25,,,,,,,,,,,,,,,,,,,,,,,,,,,,,,,,,,,,
northern acorn barnacle,"barnacle, northern acorn",Semibalanus balanoides,Archaeobalanidae,Sessilia,Crustacean_barnacle,Sem bal,,,,4.375,,,,,,,,,,,,,,,,,,,,,,,,,,,,,,,,,,,,
purple barnacle,"barnacle, purple ",Amphibalanus amphitrite,Balanidae,Sessilia,Crustacean_barnacle,Amp amp,,,aka: Balanus amphitrite; striped barnacle (common),4.375,,,,,,,,,,,,,,,,,,,,,,,,,,,,,,,,,,,,
white barnacle,"barnacle, white ",Amphibalanus eburneus,Balanidae,Sessilia,Crustacean_barnacle,Amp ebu,,,aka: Balanus eburneus; ivory barnacle (common),4.375,,,,,,,,,,,,,,,,,,,,,,,,,,,,,,,,,,,,
bay barnacle,"barnacle, bay",Amphibalanus improvisus,Balanidae,Sessilia,Crustacean_barnacle,Amp imp,,,,4.375,,,,,,,,,,,,,,,,,,,,,,,,,,,,,,,,,,,,
acorn barnacle,"barnacle, acorn",Balanus balanus,Balanidae,Sessilia,Crustacean_barnacle,Bal bal,,,,4.375,,,,,,,,,,,,,,,,,,,,,,,,,,,,,,,,,,,,
balanus barnacle,barnacle spp.,Balanus spp.,Balanidae,Sessilia,Crustacean_barnacle,Bal spp,,,,4.375,,,,,,,,,,,,,,,,,,,,,,,,,,,,,,,,,,,,
barnacle,"barnacle, unid spp.",,Balanidae,Sessilia,Crustacean_barnacle,Balanidae,,,,4.375,,,,,,,,,,,,,,,,,,,,,,,,,,,,,,,,,,,,
fragile white barnacel,"barnacle, fragile white ",Chthamalus fragilis,Chthamalidae,Sessilia,Crustacean_barnacle,Cht fra,,,,4.375,,,,,,,,,,,,,,,,,,,,,,,,,,,,,,,,,,,,
rhizocephalan parasitic barancle,"barnacle, rhizocephalan parasitic ",Loxothylacus panopaei,Sacculinidae,Kentrogonida,Crustacean_barnacle,Lox pan,,,,4.375,,,,,,,,,,,,,,,,,,,,,,,,,,,,,,,,,,,,
parasitic barnacle,"barnacle, parasitic spp.",Sacculina spp.,Sacculinidae,Kentrogonida,Crustacean_barnacle,Sac spp,,,,4.375,,,,,,,,,,,,,,,,,,,,,,,,,,,,,,,,,,,,
microdeutopus anomalus,amphipod sp.,Microdeutopus anomalus,Aoridae,Amphipoda,Crustacean_amphipod,Mic ano,,,,4.5,,,,,,,,,,,,,,,,,,,,,,,,,,,,,,,,,,,,
caprella equilibra,"shrimp, skeleton sp.",Caprella equilibra,Caprellidae,Amphipoda,Crustacean_amphipod,Cap equ,,,,4.5,,,,,,,,,,,,,,,,,,,,,,,,,,,,,,,,,,,,
caprella penantis,"shrimp, skeleton sp.",Caprella penantis,Caprellidae,Amphipoda,Crustacean_amphipod,Cap pen,,,,4.5,,,,,,,,,,,,,,,,,,,,,,,,,,,,,,,,,,,,
caprella unica,"shrimp, skeleton sp.",Caprella unica,Caprellidae,Amphipoda,Crustacean_amphipod,Cap uni,,,,4.5,,,,,,,,,,,,,,,,,,,,,,,,,,,,,,,,,,,,
caprellid spp.,"shrimp, skeleton spp.",Caprellid spp.,Caprellidae,Amphipoda,Crustacean_amphipod,Capr spp,,,,4.5,,,,,,,,,,,,,,,,,,,,,,,,,,,,,,,,,,,,
paracaprella peuautis,"shrimp, skeleton sp.",Paracaprella peuautis,Caprellidae,Amphipoda,Crustacean_amphipod,Par peu,,,can not find this species… could be caprella penantis?,4.5,,,,,,,,,,,,,,,,,,,,,,,,,,,,,,,,,,,,
paracaprella tenuis,"shrimp, skeleton sp.",Paracaprella tenuis,Caprellidae,Amphipoda,Crustacean_amphipod,Par ten,,,,4.5,,,,,,,,,,,,,,,,,,,,,,,,,,,,,,,,,,,,
corophium,amphipod spp.,Corophium spp.,Corophiidae,Amphipoda,Crustacean_amphipod,Cor spp,,,,4.5,,,,,,,,,,,,,,,,,,,,,,,,,,,,,,,,,,,,
gammarus mucronatus,amphipod sp.,Gammarus mucronatus,Gammaridae,Amphipoda,Crustacean_amphipod,Gam muc,,,,4.5,,,,,,,,,,,,,,,,,,,,,,,,,,,,,,,,,,,,
gammarid,amphipod sp. d,Gammarid sp.,Gammaridae,Amphipoda,Crustacean_amphipod,Gamm sp,,,,4.5,,,,,,,,,,,,,,,,,,,,,,,,,,,,,,,,,,,,
leucothoe spinicarpa,amphipod sp.,Leucothoe spinicarpa,Leucothoidae,Amphipoda,Crustacean_amphipod,Leu spi,,,,4.5,,,,,,,,,,,,,,,,,,,,,,,,,,,,,,,,,,,,
white stout amphipod,"amphipod, white stout ",Lysianopsis alba,Lysianassidae,Amphipoda,Crustacean_amphipod,Lys alb,,,,4.5,,,,,,,,,,,,,,,,,,,,,,,,,,,,,,,,,,,,
big claw amphipod,"amphipod, big claw ",Dulichiella appendiculata,Melitidae,Amphipoda,Crustacean_amphipod,Dul app,,,,4.5,,,,,,,,,,,,,,,,,,,,,,,,,,,,,,,,,,,,
large gammarid amphipod,"amphipod, large gammarid ",Elasmopus levis,Melitidae,Amphipoda,Crustacean_amphipod,Ela lev,,,,4.5,,,,,,,,,,,,,,,,,,,,,,,,,,,,,,,,,,,,
melita dentata,amphipod sp.,Melita dentata,Melitidae,Amphipoda,Crustacean_amphipod,Mel den,,,,4.5,,,,,,,,,,,,,,,,,,,,,,,,,,,,,,,,,,,,
melita nitida,amphipod sp.,Melita nitida,Melitidae,Amphipoda,Crustacean_amphipod,Mel nit,,,,4.5,,,,,,,,,,,,,,,,,,,,,,,,,,,,,,,,,,,,
melitidae amphipod,"amphipod, unid spp.",,Melitidae,Amphipoda,Crustacean_amphipod,Melitidae,,,,4.5,,,,,,,,,,,,,,,,,,,,,,,,,,,,,,,,,,,,
gammarid amphipod,"amphipod, gammarid ",Microprotopus raneyi,Microprotopidae,Amphipoda,Crustacean_amphipod,Mic ran,,,,4.5,,,,,,,,,,,,,,,,,,,,,,,,,,,,,,,,,,,,
rhepoxynius epistomus,"amphipod sp. ""w/white rostrum""",Rhepoxynius epistomus,Phoxocephalidae,Amphipoda,Crustacean_amphipod,Rhe epi,,,,4.5,,,,,,,,,,,,,,,,,,,,,,,,,,,,,,,,,,,,
marsh hopper amphipod,"amphipod, marsh hopper ",Orchestia grillus,Talitridae,Amphipoda,Crustacean_amphipod,Orc gri,,,,4.5,,,,,,,,,,,,,,,,,,,,,,,,,,,,,,,,,,,,
marsh amphipod,"amphipod, marsh spp.",Orchestia spp.,Talitridae,Amphipoda,Crustacean_amphipod,Orc spp,,,,4.5,,,,,,,,,,,,,,,,,,,,,,,,,,,,,,,,,,,,
talitrus,amphipod spp.,Talitrus spp.,Talitridae,Amphipoda,Crustacean_amphipod,Tal spp,,,,4.5,,,,,,,,,,,,,,,,,,,,,,,,,,,,,,,,,,,,
amphipod,"amphipod, unid spp.",,,Amphipoda,Crustacean_amphipod,UnID Amphipod,,,,4.5,,,,,,,,,,,,,,,,,,,,,,,,,,,,,,,,,,,,
thorn isopod,"isopod, thorn ",Ancinus depressus,Ancinidae,Isopoda,Crustacean_isopod,Anc dep,,,,4.625,,,,,,,,,,,,,,,,,,,,,,,,,,,,,,,,,,,,
cyathura polita,isopod sp.,Cyathura polita,Anthuridae,Isopoda,Crustacean_isopod,Cya pol,,,,4.625,,,,,,,,,,,,,,,,,,,,,,,,,,,,,,,,,,,,
edotia triloba,isopod sp.,Edotia triloba,Idoteidae,Isopoda,Crustacean_isopod,Edo tri,,,,4.625,,,,,,,,,,,,,,,,,,,,,,,,,,,,,,,,,,,,
eelgrass isopod,"isopod, eelgrass",Erichsonella spp.,Idoteidae,Isopoda,Crustacean_isopod,Eri spp,,,,4.625,,,,,,,,,,,,,,,,,,,,,,,,,,,,,,,,,,,,
paracerceis caudata,isopod sp.,Paracerceis caudata,Sphaeromatidae,Isopoda,Crustacean_isopod,Par cau,,,,4.625,,,,,,,,,,,,,,,,,,,,,,,,,,,,,,,,,,,,
sea pill bug,"isopod, sea pill bug",Paracerceis cordata,Sphaeromatidae,Isopoda,Crustacean_isopod,Par cor,,,"aka: Cilicaea caudata or cordata? Was listed as caudata, but couldn't find on the database",4.625,,,,,,,,,,,,,,,,,,,,,,,,,,,,,,,,,,,,
marine rolypoly,"rolypoly, marine ",Sphaeroma quadridentatum,Sphaeromatidae,Isopoda,Crustacean_isopod,Sph qua,,,,4.625,,,,,,,,,,,,,,,,,,,,,,,,,,,,,,,,,,,,
boring isopod,"isopod, boring",Sphaeroma spp,Sphaeromatidae,Isopoda,Crustacean_isopod,Spha spp,,,,4.625,,,,,,,,,,,,,,,,,,,,,,,,,,,,,,,,,,,,
low-salinity marsh isopod,"isopod, marsh, low-salinity",Cassidinidea ovalis,Sphaeromatidae,Isopoda,Crustacean_isopod,Cas ova,,,,,,,,,,,,,,,,,,,,,,,,,,,,,,,,,,,,,,,,
isopod,"isopods, unid spp.",,,Isopoda,Crustacean_isopod,UnID Isopod,,,,4.625,,,,,,,,,,,,,,,,,,,,,,,,,,,,,,,,,,,,
large claw tanaid,"tanaid, large-claw ",Leptochelia rapax,Leptocheliidae,Tanaidacea,Crustacean_tanaid,Lep rap,,,,4.75,,,,,,,,,,,,,,,,,,,,,,,,,,,,,,,,,,,,
leptochelia spp.,tanaid spp.,Leptochelia spp.,Leptocheliidae,Tanaidacea,Crustacean_tanaid,Leptoc spp,,,,4.75,,,,,,,,,,,,,,,,,,,,,,,,,,,,,,,,,,,,
salemia coeca,tanaid sp.,Salemia coeca,Paratanaidae,Tanaidacea,Crustacean_tanaid,Sal coe,,,,4.75,,,,,,,,,,,,,,,,,,,,,,,,,,,,,,,,,,,,
tanais dulongii,tanaid sp.,Tanais dulongii,Tanaididae,Tanaidacea,Crustacean_tanaid,Tan dul,,,,4.75,,,,,,,,,,,,,,,,,,,,,,,,,,,,,,,,,,,,
tanaid,"tanaid, unid spp.",,,Tanaidacea,Crustacean_tanaid,UnID Tanaid,,,,4.75,,,,,,,,,,,,,,,,,,,,,,,,,,,,,,,,,,,,
tanystylum orbiculare,sea spider sp.,Tanystylum orbiculare,Ammotheidae,Pantopoda,Crustacean_other,Tan orb,,,,4.875,,,,,,,,,,,,,,,,,,,,,,,,,,,,,,,,,,,,
mite,"mites, unid spp.",,Halacaridae,Trombidiformes,Crustacean_other,Halacaridae,,,,4.875,,,,,,,,,,,,,,,,,,,,,,,,,,,,,,,,,,,,
seashore springtail,"springtail, seashore",Anurida maritima,Neanuridae,Collembola (class),Crustacean_other,Anu mar,,,bug (collembola = springtail),4.875,,,,,,,,,,,,,,,,,,,,,,,,,,,,,,,,,,,,
pycnogonum spp.,sea spider spp.,Pycnogonum spp.,Pycnogonidae,Pantopoda,Crustacean_other,Pyc spp,,,,4.875,,,,,,,,,,,,,,,,,,,,,,,,,,,,,,,,,,,,
fly larvae,"larvae, fly ",,,Diptera,Crustacean_other,Deptera,,,,4.875,,,,,,,,,,,,,,,,,,,,,,,,,,,,,,,,,,,,
insect,"insect, terrestrial unid spp.",,,Insecta [class],Crustacean_other,Insecta,,,,4.875,,,,,,,,,,,,,,,,,,,,,,,,,,,,,,,,,,,,
sea spider,"sea spider, unid spp.",,,Pantopoda,Crustacean_other,Pantopoda,,,,4.875,,,,,,,,,,,,,,,,,,,,,,,,,,,,,,,,,,,,
common jingle,"jingle, common",Anomia simplex,Anomiidae,Pectinida,Bivalve,Ano sim,,,,5,,,,,,,,,,,,,,,,,,,,,,,,,,,,,,,,,,,,
prickly jingle,"jingle, prickly",Heteranomia squamula,Anomiidae,Pectinida,Bivalve,Het squ,,,aka: Anomia squamula,5,,,,,,,,,,,,,,,,,,,,,,,,,,,,,,,,,,,,
incongruous ark,"ark, incongruous",Anadara brasiliana,Arcidae,Arcoida,Bivalve,Ana bra,,,,5,,,,,,,,,,,,,,,,,,,,,,,,,,,,,,,,,,,,
cut ribbed ark,"ark, cut-ribbed ",Anadara secticostata,Arcidae,Arcoida,Bivalve,Ana sec,,,,5,,,,,,,,,,,,,,,,,,,,,,,,,,,,,,,,,,,,
transverse ark,"ark, transverse ",Anadara transversa,Arcidae,Arcoida,Bivalve,Ana tra,,,,5,,,,,,,,,,,,,,,,,,,,,,,,,,,,,,,,,,,,
anadara,ark sp.,Anadara spp.,Arcidae,Arcoida,Bivalve,Anad spp,,,,5,,,,,,,,,,,,,,,,,,,,,,,,,,,,,,,,,,,,
mossy ark,"ark, mossy ",Arca imbricata,Arcidae,Arcoida,Bivalve,Arc imb,,,,5,,,,,,,,,,,,,,,,,,,,,,,,,,,,,,,,,,,,
ark,"ark, unid spp.",,Arcidae,Arcoida,Bivalve,Arcidae,,,,5,,,,,,,,,,,,,,,,,,,,,,,,,,,,,,,,,,,,
white bearded ark,"ark, white bearded",Barbatia Candida,Arcidae,Arcoida,Bivalve,Bar can,,,,5,,,,,,,,,,,,,,,,,,,,,,,,,,,,,,,,,,,,
blood ark,"ark, blood",Lunarca ovalis,Arcidae,Arcoida,Bivalve,Lun ova,,,,5,,,,,,,,,,,,,,,,,,,,,,,,,,,,,,,,,,,,
yellow prickly cockle,"cockle, yellow prickly",Dallocardia muricata,Cardiidae,Cardiida,Bivalve,Dal mur,,,,5,,,,,,,,,,,,,,,,,,,,,,,,,,,,,,,,,,,,
eggcockle,eggcockle,Fulvia laevigata,Cardiidae,Cardiida,Bivalve,Ful lae,,,,5,,,,,,,,,,,,,,,,,,,,,,,,,,,,,,,,,,,,
morton eggcockle,"eggcockle, morton",Laevicardium mortoni,Cardiidae,Cardiida,Bivalve,Lae mor,,,,5,,,,,,,,,,,,,,,,,,,,,,,,,,,,,,,,,,,,
ravenel's eggcockle,"eggcockle, ravenel's",Laevicardium pictum,Cardiidae,Cardiida,Bivalve,Lae pic,,,,5,,,,,,,,,,,,,,,,,,,,,,,,,,,,,,,,,,,,
florida prickly cockle,"cockle, florida prickly ",Trachycardium egmontianum,Cardiidae,Cardiida,Bivalve,Tra egm,,,,5,,,,,,,,,,,,,,,,,,,,,,,,,,,,,,,,,,,,
spiny jewel box clam,"clam, spiny jewel box ",Arcinella cornuta,Chamidae,Imparidentia [superorder],Bivalve,Arc cor,,,,5,,,,,,,,,,,,,,,,,,,,,,,,,,,,,,,,,,,,
corrugated jewel box clam,"clam, corrugated jewel box",Chama congregata,Chamidae,Imparidentia [superorder],Bivalve,Cha con,,,,5,,,,,,,,,,,,,,,,,,,,,,,,,,,,,,,,,,,,
leafy jewel box clam,"clam, leafy jewel box ",Chama macerophylla,Chamidae,Imparidentia [superorder],Bivalve,Cha mac,,,,5,,,,,,,,,,,,,,,,,,,,,,,,,,,,,,,,,,,,
chama spp.,clam sp.,Chama spp.,Chamidae,Imparidentia [superorder],Bivalve,Cha spp,,,,5,,,,,,,,,,,,,,,,,,,,,,,,,,,,,,,,,,,,
contracted corbula,"corbula, contracted ",Caryocorbula contracta,Corbulidae,Myida,Bivalve,Car con,,,aka: Corbula contracta,5,,,,,,,,,,,,,,,,,,,,,,,,,,,,,,,,,,,,
corbula clam,"clam, corbula",Caryocorbula spp.,Corbulidae,Myida,Bivalve,Car spp,,,,5,,,,,,,,,,,,,,,,,,,,,,,,,,,,,,,,,,,,
atlantic coquina,"coquina, atlantic ",Donax variabilis,Donacidae,Cardiida,Bivalve,Don var,,,,5,,,,,,,,,,,,,,,,,,,,,,,,,,,,,,,,,,,,
commensual clam,"clam, commensal ",Leptonacea spp.,Galeommatidae,Imparidentia [superorder],Bivalve,Lepton spp,,,,5,,,,,,,,,,,,,,,,,,,,,,,,,,,,,,,,,,,,
atlantic gastrochaenid,"gastrochaenid, atlantic ",Lamychaena hians,Gastrochaenidae,Imparidentia [superorder],Bivalve,Lam hia,,,aka: Gastrochaena hians,5,,,,,,,,,,,,,,,,,,,,,,,,,,,,,,,,,,,,
atlantic rocellaria,"rocellaria, atlantic",Rocellaria dubia,Gastrochaenidae,Imparidentia [superorder],Bivalve,Roc dub,,,aka: Gastrochaena dubia; order not assigned,5,,,,,,,,,,,,,,,,,,,,,,,,,,,,,,,,,,,,
atlantic geoduck,"geoduck, atlantic ",Panopea bitruncata,Hiatellidae,Adapedonta,Bivalve,Pan bit,,,,5,,,,,,,,,,,,,,,,,,,,,,,,,,,,,,,,,,,,
antillian fileclam,"fileclam, antillian ",Limaria pellucida,Limidae,Limoida,Bivalve,Lim pel,,,aka: Lima pellucida,5,,,,,,,,,,,,,,,,,,,,,,,,,,,,,,,,,,,,
many lined lucina,"lucina, many-lined ",Parvilucina crenella,Lucinidae,Lucinida,Bivalve,Par cre,,,aka: Lucina multilineata,5,,,,,,,,,,,,,,,,,,,,,,,,,,,,,,,,,,,,
glassy lyonsia,"lyonsia, glassy ",Lyonsia hyalina,Lyonsiidae,Pholadomyoida ,Bivalve,Lyo hyl,,,,5,,,,,,,,,,,,,,,,,,,,,,,,,,,,,,,,,,,,
fragile surfclam,"surfclam, fragile ",Mactrotoma fragilis,Mactridae,Imparidentia [superorder],Bivalve,Mac fra,,,aka: Mactra fragilis,5,,,,,,,,,,,,,,,,,,,,,,,,,,,,,,,,,,,,
dwarf surf clam,"clam, dwarf surf ",Mulinia lateralis,Mactridae,Imparidentia [superorder],Bivalve,Mul lat,,,,5,,,,,,,,,,,,,,,,,,,,,,,,,,,,,,,,,,,,
atlantic surf clam,"clam, atlantic surf",Spisula solidissima,Mactridae,Imparidentia [superorder],Bivalve,Spi sol,,,,5,,,,,,,,,,,,,,,,,,,,,,,,,,,,,,,,,,,,
soft shell clam,"clam, soft-shell ",Mya arenaria,Myidae,Myida,Bivalve,Mya are,,,,5,,,,,,,,,,,,,,,,,,,,,,,,,,,,,,,,,,,,
antillean sphenia clam,"clam, antillean sphenia",Sphenia fragilis,Myidae,Myida,Bivalve,Sph fra,,,soft clam like a geoduck,5,,,,,,,,,,,,,,,,,,,,,,,,,,,,,,,,,,,,
atlantic paper mussel,"mussel, atlantic paper ",Arcuatula papyria,Mytilidae,Mytiloida,Bivalve,Arc pap,,,aka: Amygdalum papyrium,5,,,,,,,,,,,,,,,,,,,,,,,,,,,,,,,,,,,,
scorched mussel,"mussel, scorched ",Brachidontes exustus,Mytilidae,Mytiloida,Bivalve,Bra exu,,,,5,,,,,,,,,,,,,,,,,,,,,,,,,,,,,,,,,,,,
ribbed mussel,"mussel, ribbed",Geukensia demissa,Mytilidae,Mytiloida,Bivalve,Geu dem,,,,5,,,,,,,,,,,,,,,,,,,,,,,,,,,,,,,,,,,,
hooked mussel,"mussel, hooked ",Ischadium recurvum,Mytilidae,Mytiloida,Bivalve,Isc rec,,,aka: Brachidontes recurvus; recurved mussel (common),5,,,,,,,,,,,,,,,,,,,,,,,,,,,,,,,,,,,,
scissor date mussel,"mussel, scissor date ",Leiosolenus aristatus,Mytilidae,Mytiloida,Bivalve,Lei ari,,,aka: Lithophaga aristata,5,,,,,,,,,,,,,,,,,,,,,,,,,,,,,,,,,,,,
mahogany date mussel,"mussel, mahogany date ",Leiosolenus bisulcatus,Mytilidae,Mytiloida,Bivalve,Lei bis,,,aka: Lithophaga bisulcata,5,,,,,,,,,,,,,,,,,,,,,,,,,,,,,,,,,,,,
tulip mussel,"mussel, tulip ",Modiolus americanus,Mytilidae,Mytiloida,Bivalve,Mod ame,,,,5,,,,,,,,,,,,,,,,,,,,,,,,,,,,,,,,,,,,
horse mussel,"mussel, horse ",Modiolus modiolus,Mytilidae,Mytiloida,Bivalve,Mod mod,,,,5,,,,,,,,,,,,,,,,,,,,,,,,,,,,,,,,,,,,
false horse mussel,"mussel, false horse",Modiolus squamosus,Mytilidae,Mytiloida,Bivalve,Mod squ,,,,5,,,,,,,,,,,,,,,,,,,,,,,,,,,,,,,,,,,,
lateral mussle,"mussel, lateral ",Musculus lateralis,Mytilidae,Mytiloida,Bivalve,Mus lat,,,,5,,,,,,,,,,,,,,,,,,,,,,,,,,,,,,,,,,,,
mytilid spp.,mussel sp.,Mytilid spp.,Mytilidae,Mytiloida,Bivalve,Myt spp,,,,5,,,,,,,,,,,,,,,,,,,,,,,,,,,,,,,,,,,,
adams ark,"ark, adams ",Arcopsis adamsi,Noetiidae,Arcoida,Bivalve,Arc ada,,,,5,,,,,,,,,,,,,,,,,,,,,,,,,,,,,,,,,,,,
pointed nutclam,"nutclam, pointed ",Saccella acuta,Nuculanidae,Nuculanida,Bivalve,Sac acu,,,aka: Nuculana acuta,5,,,,,,,,,,,,,,,,,,,,,,,,,,,,,,,,,,,,
atlantic nutclam,"nutclam, atlantic",Nucula proxima,Nuculidae,Nuculida ,Bivalve,Nuc pro,,,,5,,,,,,,,,,,,,,,,,,,,,,,,,,,,,,,,,,,,
eastern oyster,"oyster, eastern",Crassostrea virginica,Ostreidae,Ostreida,Bivalve,Cra vir,,,,5,,,,,,,,,,,,,,,,,,,,,,,,,,,,,,,,,,,,
crested oyster,"oyster,  crested  ",Ostrea stentina,Ostreidae,Ostreida,Bivalve,Ost ste,,,"aka: Ostreola equestris, horse oyster",5,,,,,,,,,,,,,,,,,,,,,,,,,,,,,,,,,,,,
oyster,"oyster, unid spp.",,Ostreidae,Ostreida,Bivalve,Ostreidae,,,non-eastern,5,,,,,,,,,,,,,,,,,,,,,,,,,,,,,,,,,,,,
atlantic calico scallop,"scallop, atlantic calico",Argopecten gibbus,Pectinidae,Pectinida,Bivalve,Arg gib,,,,5,,,,,,,,,,,,,,,,,,,,,,,,,,,,,,,,,,,,
bay scallop,"scallop, bay",Argopecten irradians,Pectinidae,Pectinida,Bivalve,Arg irr,,X,,5,,,,,,,,,,,,,,,,,,,,,,,,,,,,,,,,,,,,
rough scallop,"scallop, rough ",Lindapecten muscosus,Pectinidae,Pectinida,Bivalve,Lin mus,,,aka: Aequipecten muscosus,5,,,,,,,,,,,,,,,,,,,,,,,,,,,,,,,,,,,,
periploma clam,"clam, periploma ",Periploma spp.,Periplomatidae,Anomalodesmata,Bivalve,Per spp,,,,5,,,,,,,,,,,,,,,,,,,,,,,,,,,,,,,,,,,,
atlantic razor clam,"clam, atlantic razor",Ensis leei,Pharidae,Adapedonta,Bivalve,Ens lee,,,"aka: Ensis directus, American jack knife clam",5,,,,,,,,,,,,,,,,,,,,,,,,,,,,,,,,,,,,
minor jackknife clam,"clam, minor jackknife",Ensis megistus,Pharidae,Adapedonta,Bivalve,Ens meg,,,,5,,,,,,,,,,,,,,,,,,,,,,,,,,,,,,,,,,,,
atlantic mud piddock,"piddock, atlantic mud",Barnea truncata,Pholadidae,Myida,Bivalve,Bar tru,,,,5,,,,,,,,,,,,,,,,,,,,,,,,,,,,,,,,,,,,
angelwing,angelwing,Cyrtopleura costata,Pholadidae,Myida,Bivalve,Cyr cos,,,,5,,,,,,,,,,,,,,,,,,,,,,,,,,,,,,,,,,,,
oyster piddock,"piddock, oyster",Diplothyra curta,Pholadidae,Myida,Bivalve,Dip cur,,,"aka: Diplothyra smithii, rock-boring bivalve",5,,,,,,,,,,,,,,,,,,,,,,,,,,,,,,,,,,,,
wedge piddock,"piddock, wedge ",Martesia cuneiformis,Pholadidae,Myida,Bivalve,Mar cun,,,,5,,,,,,,,,,,,,,,,,,,,,,,,,,,,,,,,,,,,
rigid pen clam,"clam, rigid pen ",Atrina rigida,Pinnidae,Ostreida,Bivalve,Atr rig,,,,5,,,,,,,,,,,,,,,,,,,,,,,,,,,,,,,,,,,,
atlantic winged oyster,"oyster, atlantic winged ",Pteria colymbus,Pteriidae,Ostreida,Bivalve,Pte col,,,,5,,,,,,,,,,,,,,,,,,,,,,,,,,,,,,,,,,,,
atlantic abra,"abra, atlantic ",Abra aequalis,Semelidae,Cardiida,Bivalve,Abr aeq,,,,5,,,,,,,,,,,,,,,,,,,,,,,,,,,,,,,,,,,,
smooth abra,"abra, smooth ",Abra lioica,Semelidae,Cardiida,Bivalve,Abr lio,,,,5,,,,,,,,,,,,,,,,,,,,,,,,,,,,,,,,,,,,
telling semele,"semele, tellin",Cumingia tellinoides,Semelidae,Cardiida,Bivalve,Cum tel,,,,5,,,,,,,,,,,,,,,,,,,,,,,,,,,,,,,,,,,,
atlantic semele,"semele, atlantic",Semele proficua,Semelidae,Cardiida,Bivalve,Sem pro,,,,5,,,,,,,,,,,,,,,,,,,,,,,,,,,,,,,,,,,,
purplish semele,"semele, purplish",Semele purpurascens,Semelidae,Cardiida,Bivalve,Sem pur,,,,5,,,,,,,,,,,,,,,,,,,,,,,,,,,,,,,,,,,,
semele clam,"clam, semele spp.",Semele spp.,Semelidae,Cardiida,Bivalve,Sem spp,,,,5,,,,,,,,,,,,,,,,,,,,,,,,,,,,,,,,,,,,
purplish tagelus,"tagelus, purplish",Tagelus divisus,Solecurtidae,Cardiida,Bivalve,Tag div,,,,5,,,,,,,,,,,,,,,,,,,,,,,,,,,,,,,,,,,,
stout razor clam,"clam, stout razor",Tagelus plebeius,Solecurtidae,Cardiida,Bivalve,Tag ple,,,,5,,,,,,,,,,,,,,,,,,,,,,,,,,,,,,,,,,,,
atlantic awning clam,"clam, atlantic awning",Solemya velum,Solemyidae,Solemyida,Bivalve,Sol vel,,,,5,,,,,,,,,,,,,,,,,,,,,,,,,,,,,,,,,,,,
mitchell macoma,"macoma, mitchell",Ameritella mitchelli,Tellinidae,Cardiida,Bivalve,Ame mit,,,"aka:Macoma mitchelli, matagorda macoma (common)",5,,,,,,,,,,,,,,,,,,,,,,,,,,,,,,,,,,,,
many colored tellin,"tellin, many-colored ",Ameritella versicolor,Tellinidae,Cardiida,Bivalve,Ame ver,,,"aka: Angulus versicolor, tellina versicolor",5,,,,,,,,,,,,,,,,,,,,,,,,,,,,,,,,,,,,
alternate tellin,"tellin, alternate ",Eurytellina alternata,Tellinidae,Cardiida,Bivalve,Eur alt,,,aka: Tillina alternata,5,,,,,,,,,,,,,,,,,,,,,,,,,,,,,,,,,,,,
baltic macoma,"macoma, baltic ",Limecola balthica,Tellinidae,Cardiida,Bivalve,Lim bal,,,,5,,,,,,,,,,,,,,,,,,,,,,,,,,,,,,,,,,,,
elongate macoma clam,"clam, elongate macoma",Macoploma tenta,Tellinidae,Cardiida,Bivalve,Macop ten,,,"aka: Macoma tenta, narrowed macoma clam",5,,,,,,,,,,,,,,,,,,,,,,,,,,,,,,,,,,,,
thin tellin,"tellin, thin ",Macomangulus tenuis,Tellinidae,Cardiida,Bivalve,Macom ten,,,"aka: Tellina tenuis, Angulus tenuis, petal tellin (common)",5,,,,,,,,,,,,,,,,,,,,,,,,,,,,,,,,,,,,
striate tellin,"tellin, striate ",Serratina aequistriata,Tellinidae,Cardiida,Bivalve,Ser aeq,,,"aka: Tellina aequistriata, Merisca aequistriata",5,,,,,,,,,,,,,,,,,,,,,,,,,,,,,,,,,,,,
white strigilla,"strigilla, white",Strigilla mirabilis,Tellinidae,Cardiida,Bivalve,Str mir,,,,5,,,,,,,,,,,,,,,,,,,,,,,,,,,,,,,,,,,,
northern dwarf tellin,"tellin, northern dwarf",Ameritilla agilis,Tellinidae,Cardiida,Bivalve,Tel agi,,,"aka: Tellina agilis, Angulus agilis",5,,,,,,,,,,,,,,,,,,,,,,,,,,,,,,,,,,,,
tellin,"tellin, unid spp. ",,Tellinidae,Cardiida,Bivalve,UnID Tellin,,,,5,,,,,,,,,,,,,,,,,,,,,,,,,,,,,,,,,,,,
cross barred venus,"venus, cross barred",Chione cancellata,Veneridae,Venerida,Bivalve,Chi can,,,,5,,,,,,,,,,,,,,,,,,,,,,,,,,,,,,,,,,,,
grey pygmy venus,"venus, grey pygmy",Chioneryx grus,Veneridae,Venerida,Bivalve,Chi gru,,,"aka: Timoclea grus, Chione grus; grey venus (common)",5,,,,,,,,,,,,,,,,,,,,,,,,,,,,,,,,,,,,
lady in waiting venus,"venus, lady-in-waiting",Chionopsis intapurpurea,Veneridae,Venerida,Bivalve,Chi int,,,aka: Puberella intapurpurea,5,,,,,,,,,,,,,,,,,,,,,,,,,,,,,,,,,,,,
thin cyclinella,"cyclinella, thin",Cyclinella tenuis,Veneridae,Venerida,Bivalve,Cyc ten,,,,5,,,,,,,,,,,,,,,,,,,,,,,,,,,,,,,,,,,,
imperial venus,"venus, imperial",Lirophora latilirata,Veneridae,Venerida,Bivalve,Lir lat,,,aka: Chione latilirata,5,,,,,,,,,,,,,,,,,,,,,,,,,,,,,,,,,,,,
sunray venus,"venus, sunray ",Macrocallista nimbosa,Veneridae,Venerida,Bivalve,Mac nim,,,,5,,,,,,,,,,,,,,,,,,,,,,,,,,,,,,,,,,,,
southern quahog,"quahog, southern ",Mercenaria campechiensis,Veneridae,Venerida,Bivalve,Mer cam,,,,5,,,,,,,,,,,,,,,,,,,,,,,,,,,,,,,,,,,,
northern quahog,"quahog, northern ",Mercenaria mercenaria,Veneridae,Venerida,Bivalve,Mer mer,,,,5,,,,,,,,,,,,,,,,,,,,,,,,,,,,,,,,,,,,
mercenaria spp.,clam spp.,Mercenaria spp.,Veneridae,Venerida,Bivalve,Mer spp,,,,5,,,,,,,,,,,,,,,,,,,,,,,,,,,,,,,,,,,,
false angelwing,"angelwing, false ",Petricolaria pholadiformis,Veneridae,Venerida,Bivalve,Pet pho,,,aka: american piddock (common),5,,,,,,,,,,,,,,,,,,,,,,,,,,,,,,,,,,,,
false quahog,"quohog, false ",Pitar morrhuanus,Veneridae,Venerida,Bivalve,Pit mor,,,,5,,,,,,,,,,,,,,,,,,,,,,,,,,,,,,,,,,,,
clam venus,"venus, clam spp.",Veneridae spp.,Veneridae,Venerida,Bivalve,Ven spp,,,,5,,,,,,,,,,,,,,,,,,,,,,,,,,,,,,,,,,,,
clam,"clam, unid spp.",,,Bivalvia [class],Bivalve,UnID Clam,,,,5,,,,,,,,,,,,,,,,,,,,,,,,,,,,,,,,,,,,
mussel,"mussel, unid spp.",,,Bivalvia [class],Bivalve,UnID Mussel,,,,5,,,,,,,,,,,,,,,,,,,,,,,,,,,,,,,,,,,,
channelled barrel bubble,"barrel-bubble, channelled",Acteocina canaliculata,Acteocinidae,Cephalaspidea,Gastropod,Act cana,,,,6,,,,,,,,,,,,,,,,,,,,,,,,,,,,,,,,,,,,
candes barrel bubble,"barrel-bubble, candé's ",Acteocina candei,Acteocinidae,Cephalaspidea,Gastropod,Act cand,,,,6,,,,,,,,,,,,,,,,,,,,,,,,,,,,,,,,,,,,
sea hare,"sea hare, unid spp.",,Aplysiidae,Anaspidea,Gastropod,Aplysiidae,,X,,6,,,,,,,,,,,,,,,,,,,,,,,,,,,,,,,,,,,,
channel whelk,"whelk, channel ",Busycotypus canaliculatus,Buccinidae,Neogastropoda,Gastropod,Bus can,,,,6,,,,,,,,,,,,,,,,,,,,,,,,,,,,,,,,,,,,
convex slippersnail,"slippersnail, convex",Crepidula convexa,Calyptraeidae,Littorinimorpha,Gastropod,Cre con,,,,6,,,,,,,,,,,,,,,,,,,,,,,,,,,,,,,,,,,,
common atlantic slippersnail,"slippersnail, common atlantic ",Crepidula fornicata,Calyptraeidae,Littorinimorpha,Gastropod,Cre for,,,,6,,,,,,,,,,,,,,,,,,,,,,,,,,,,,,,,,,,,
spotted slippersnail,"slippersnail, spotted ",Crepidula maculosa,Calyptraeidae,Littorinimorpha,Gastropod,Cre mac,,,,6,,,,,,,,,,,,,,,,,,,,,,,,,,,,,,,,,,,,
slippersnail,slippersnail spp.,Crepidula spp.,Calyptraeidae,Littorinimorpha,Gastropod,Cre spp,,,,6,,,,,,,,,,,,,,,,,,,,,,,,,,,,,,,,,,,,
grass cerith,grass cerith,Bittiolum varium,Cerithiidae,Caenogastropoda,Gastropod,Bit var,,,,6,,,,,,,,,,,,,,,,,,,,,,,,,,,,,,,,,,,,
dark cerith,"cerith, dark ",Cerithium atratum,Cerithiidae,Caenogastropoda,Gastropod,Cer atr,,,,6,,,,,,,,,,,,,,,,,,,,,,,,,,,,,,,,,,,,
adams miniature cerith,"cerith, adam's miniature",Seila Adamsi,Cerithiopsidae,Neotaenioglossa,Gastropod,Sei ada,,,,6,,,,,,,,,,,,,,,,,,,,,,,,,,,,,,,,,,,,
dove snail,dove snail spp.,Anachis spp.,Columbellidae,Neogastropoda,Gastropod,Anac spp,,,,6,,,,,,,,,,,,,,,,,,,,,,,,,,,,,,,,,,,,
lunar dove snail,"dove snail, lunar ",Astyris lunata,Columbellidae,Neogastropoda,Gastropod,Ast lun,,,aka: Mitrella lunata,6,,,,,,,,,,,,,,,,,,,,,,,,,,,,,,,,,,,,
greedy dove snail,"dove snail, greedy",Costoanachis avara,Columbellidae,Neogastropoda,Gastropod,Cos ava,,,,6,,,,,,,,,,,,,,,,,,,,,,,,,,,,,,,,,,,,
florida dove snail,"dove snail, florida",Costoanachis floridana,Columbellidae,Neogastropoda,Gastropod,Cos flo,,,aka: Anachis floridana,6,,,,,,,,,,,,,,,,,,,,,,,,,,,,,,,,,,,,
well ribbed dove snail,"dove snail, well-ribbed",Cotonopsis lafresnayi,Columbellidae,Neogastropoda,Gastropod,Cot laf,,,aka: Anachis lafresnayi,6,,,,,,,,,,,,,,,,,,,,,,,,,,,,,,,,,,,,
lemondrop,lemondrop,Cariopsilla pharpa,Dendrodorididae,Nudibranchia,Gastropod,Car pha,,,aka: Doriopsilla pharpa,6,,,,,,,,,,,,,,,,,,,,,,,,,,,,,,,,,,,,
reticulate wentletrap,"wentletrap, reticulate ",Amaea retifera,Epitoniidae,Caenogastropoda,Gastropod,Ama ret,,,,6,,,,,,,,,,,,,,,,,,,,,,,,,,,,,,,,,,,,
angulate wentletrap,"wentletrap, angulate ",Epitonium angulatum,Epitoniidae,Caenogastropoda,Gastropod,Epi ang,,,,6,,,,,,,,,,,,,,,,,,,,,,,,,,,,,,,,,,,,
many ribbed wentletrap,"wentletrap, many-ribbed",Epitonium multistriatum,Epitoniidae,Caenogastropoda,Gastropod,Epi mul,,,,6,,,,,,,,,,,,,,,,,,,,,,,,,,,,,,,,,,,,
wentletrap,wentletrap spp.,Epitonium spp.,Epitoniidae,Caenogastropoda,Gastropod,Epi spp,,,,6,,,,,,,,,,,,,,,,,,,,,,,,,,,,,,,,,,,,
brown band wentletrap,"wentletrap, brown-band",Gyroscala rupicola,Epitoniidae,Caenogastropoda,Gastropod,Gyr rup,,,aka: Epitonium rupicola,6,,,,,,,,,,,,,,,,,,,,,,,,,,,,,,,,,,,,
intermediate balcis,intermediate balcis,Melanella polita,Eulimidae,Neotaenioglossa,Gastropod,Mel pol,,,,6,,,,,,,,,,,,,,,,,,,,,,,,,,,,,,,,,,,,
beautiful niso,"niso, beautiful",Niso hendersoni,Eulimidae,Neotaenioglossa,Gastropod,Nis hen,,,,6,,,,,,,,,,,,,,,,,,,,,,,,,,,,,,,,,,,,
banded tulip,"tulip, banded",Cinctura hunteria,Fasciolariidae,Neogastropoda,Gastropod,Cin hun,,,"aka: Fasciolaria hunteria, Cinctura lilium",6,,,,,,,,,,,,,,,,,,,,,,,,,,,,,,,,,,,,
true tulip,"tulip, true",Fasciolaria tulipa,Fasciolariidae,Neogastropoda,Gastropod,Fas tul,,,,6,,,,,,,,,,,,,,,,,,,,,,,,,,,,,,,,,,,,
keyhole limpet,"limpet, keyhole",Diodora cayenensis,Fissurellidae,Archaeogastropoda,Gastropod,Dio cay,,,cayenne keyhole limpet,6,,,,,,,,,,,,,,,,,,,,,,,,,,,,,,,,,,,,
marsh periwinkle,"periwinkle, marsh",Littoraria irrorata,Littorinidae,Littorinimorpha,Gastropod,Lit irr,,,,6,,,,,,,,,,,,,,,,,,,,,,,,,,,,,,,,,,,,
plicate mangelia,"mangelia (gastropod), plicate ",Pyrgocythara plicosa,Mangeliidae,Neogastropoda,Gastropod,Pyr pli,,,,6,,,,,,,,,,,,,,,,,,,,,,,,,,,,,,,,,,,,
reddish mangelia,"mangelia, reddish",Rubellatoma rubella,Mangeliidae,Neogastropoda,Gastropod,Rub rub,,,,6,,,,,,,,,,,,,,,,,,,,,,,,,,,,,,,,,,,,
thick lip drill,"drill, thick lip",Eupleura caudata,Muricidae,Neogastropoda,Gastropod,Eup cau,,,,6,,,,,,,,,,,,,,,,,,,,,,,,,,,,,,,,,,,,
atlantic oyster drill,"oyster drill, atlantic",Urosalpinx cinerea,Muricidae,Neogastropoda,Gastropod,Uro cin,,,,6,,,,,,,,,,,,,,,,,,,,,,,,,,,,,,,,,,,,
sharp nassa,"nassa, sharp",Nassarius acutus,Nassariidae,Neogastropoda,Gastropod,Nas acu,,,,6,,,,,,,,,,,,,,,,,,,,,,,,,,,,,,,,,,,,
bruised nassa,"nassa, bruised",Phrontis vibex,Nassariidae,Neogastropoda,Gastropod,Phr vib,,,aka: Nassarius vibex; common eastern nassa,6,,,,,,,,,,,,,,,,,,,,,,,,,,,,,,,,,,,,
eastern mudsnail,"mudsnail, eastern",Tritia obsoleta,Nassariidae,Neogastropoda,Gastropod,Tri obs,,,"aka: IIyanssa obsoleta, Nassarius obsoletus",6,,,,,,,,,,,,,,,,,,,,,,,,,,,,,,,,,,,,
threeline mudsnail,"mudsnail, threeline",Tritia trivittata,Nassariidae,Neogastropoda,Gastropod,Tri tri,,,aka: Iiyanassa trivittata,6,,,,,,,,,,,,,,,,,,,,,,,,,,,,,,,,,,,,
shark eye moonsnail,"moonsnail, shark eye ",Neverita duplicata,Naticidae,Littorinimorpha,Gastropod,Nev dup,,,,6,,,,,,,,,,,,,,,,,,,,,,,,,,,,,,,,,,,,
miniature moonsnail,"moonsnail, miniature",Tectonatica pusilla,Naticidae,Littorinimorpha,Gastropod,Tec pus,,,,6,,,,,,,,,,,,,,,,,,,,,,,,,,,,,,,,,,,,
variable dwarf olive snail,"snail, variable dwarf olive",Olivella mutica,Olividae,Neogastropoda,Gastropod,Oli mut,,,,6,,,,,,,,,,,,,,,,,,,,,,,,,,,,,,,,,,,,
olive snail,"snail, olive ",Oliva spp.,Olividae,Neogastropoda,Gastropod,Oli spp,,,,6,,,,,,,,,,,,,,,,,,,,,,,,,,,,,,,,,,,,
impressed odostome,"odostome, impressed ",Boonea impressa,Pyramidellidae,,Gastropod,Boo imp,,,"Order not assigned; aka: mosquito (gastropod), scallop ",6,,,,,,,,,,,,,,,,,,,,,,,,,,,,,,,,,,,,
half smooth odostome,"odostome, half-smooth ",Boonea seminuda,Pyramidellidae,,Gastropod,Boo sem,,,"Order not assigned; aka: mosquito (gastropod), oyster ",6,,,,,,,,,,,,,,,,,,,,,,,,,,,,,,,,,,,,
odostome ,odostome spp.,Boonea spp.,Pyramidellidae,,Gastropod,Boo spp,,,Order not assigned,6,,,,,,,,,,,,,,,,,,,,,,,,,,,,,,,,,,,,
planorb skenea,"skenea, planorb",Skeneopsis planorbis,Skeneopsidae,Littorinimorpha,Gastropod,Ske pla,,,,6,,,,,,,,,,,,,,,,,,,,,,,,,,,,,,,,,,,,
eastern auger,"auger, eastern",Terebra dislocata,Terebridae,Neogastropoda,Gastropod,Ter dis,,,,6,,,,,,,,,,,,,,,,,,,,,,,,,,,,,,,,,,,,
auger,auger spp.,Terebra spp.,Terebridae,Neogastropoda,Gastropod,Terebra spp,,,,6,,,,,,,,,,,,,,,,,,,,,,,,,,,,,,,,,,,,
eggcase,"eggcase, gastropod unid spp.",,,,Gastropod,Eggcase,,,,6,,,,,,,,,,,,,,,,,,,,,,,,,,,,,,,,,,,,
gastropod,"gastropod, unid spp.",,,,Gastropod,UnID Gastropod,,,,6,,,,,,,,,,,,,,,,,,,,,,,,,,,,,,,,,,,,
whelk,"whelk, general",,,,Gastropod,Whelk,,,,6,,,,,,,,,,,,,,,,,,,,,,,,,,,,,,,,,,,,
eastern beaded chiton,"chiton, eastern beaded",Chaetopleura apiculata,Chaetopleuridae,Chitonida,Mollusc_other,Cha api,,,,6.5,,,,,,,,,,,,,,,,,,,,,,,,,,,,,,,,,,,,
northern white chiton,"chiton, northern white",Ischnochitin albus,Chaetopleuridae,Chitonida,Mollusc_other,Isc alb,,,aka: Stenosemus albus,6.5,,,,,,,,,,,,,,,,,,,,,,,,,,,,,,,,,,,,
chiton,"chiton, unid spp.",,Chaetopleuridae,Chitonida,Mollusc_other,UnID Chiton,,,chiton,6.5,,,,,,,,,,,,,,,,,,,,,,,,,,,,,,,,,,,,
burrowing brittlestar,"brittlestar, burrowing",Amphioplus abditus,Amphiuridae,Ophiurida,Echinoderm,Amp abd,,,aka: Amphipholis abdita,7,,,,,,,,,,,,,,,,,,,,,,,,,,,,,,,,,,,,
spiny brittlestar,"brittlestar, spiny",Ophiothrix angulata,Amphiuridae,Ophiurida,Echinoderm,Oph ang,,,,7,,,,,,,,,,,,,,,,,,,,,,,,,,,,,,,,,,,,
striped sea cucumber,"sea cucumber, striped",Thyonella gemmata,Cucumariidae,Dendrochirotida,Echinoderm,Thy gem,,,,7,,,,,,,,,,,,,,,,,,,,,,,,,,,,,,,,,,,,
keyhole sand dollar,"sand dollar, keyhole ",Mellita quinquiesperforata,Mellitidae,Clypeasteroida,Echinoderm,Mel qui,,,,7,,,,,,,,,,,,,,,,,,,,,,,,,,,,,,,,,,,,
crevice brittlestar,"brittlestar, crevice ",Ophiopholis aculeata,Ophiactidae,Ophiurida,Echinoderm,Oph acu,,,,7,,,,,,,,,,,,,,,,,,,,,,,,,,,,,,,,,,,,
short spined brittlestar,"brittlestar, short-spined",Ophioderma brevispina,Ophiodermatidae,Ophiurida,Echinoderm,Oph bre,,,,7,,,,,,,,,,,,,,,,,,,,,,,,,,,,,,,,,,,,
hairy sea cucumber,"sea cucumber, hairy",Sclerodactyla briareus,Sclerodactylidae,Dendrochirotida,Echinoderm,Scl bri,,,,7,,,,,,,,,,,,,,,,,,,,,,,,,,,,,,,,,,,,
purple sea urchin,"sea urchin, purple ",Strongylocentrotus purpuratus,Strongylocentrotidae,Camarodonta,Echinoderm,Str pur,,,,7,,,,,,,,,,,,,,,,,,,,,,,,,,,,,,,,,,,,
green sea urchin,"sea urchin, green",Lytechinus variegatus,Toxopneustidae,Camarodonta,Echinoderm,Lyt var,,,aka: variegated sea urchin (common); white urchin (common) ,7,,,,,,,,,,,,,,,,,,,,,,,,,,,,,,,,,,,,
brittlestar,"brittlestar, unid spp.",,,Ophiurida,Echinoderm,Ophiurida,,X,,7,,,,,,,,,,,,,,,,,,,,,,,,,,,,,,,,,,,,
sea urchin,"sea urchin, unid spp.",,,Camarodonta,Echinoderm,UnID Sea Urchin,,X,,7,,,,,,,,,,,,,,,,,,,,,,,,,,,,,,,,,,,,
spiral tufted bushy bryozoan,"bryozoan, spiral-tufted bushy",Bugula neritina,Bugulidae,Cheilostomatida,Bryozoa,Bug ner,,,arborous bryozoan,8,,,,,,,,,,,,,,,,,,,,,,,,,,,,,,,,,,,,
membranipora,"bryozoan spp. ""encrusting""",Membranipora spp.,Membraniporidae,Cheilostomatida,Bryozoa,Mem spp,,,,8,,,,,,,,,,,,,,,,,,,,,,,,,,,,,,,,,,,,
ambiguous bryozoan,"bryozoan, ambiguous",Anguinella palmata,Nolellidae,Ctenostomatida,Bryozoa,Ang pal,,,arborous (tree like) bryozoan,8,,,,,,,,,,,,,,,,,,,,,,,,,,,,,,,,,,,,
single horn bryozoan,"bryozoan, single horn ",Schizoporella unicornis,Schizoporellidae,Cheilostomatida,Bryozoa,Sch uni,,,encrusting bryozoan,8,,,,,,,,,,,,,,,,,,,,,,,,,,,,,,,,,,,,
arborous bryozoan,"bryozoan, unid spp. ""arborous""",,,,Bryozoa,Arborous Bryozoan,,,tree like bryozoan,8,,,,,,,,,,,,,,,,,,,,,,,,,,,,,,,,,,,,
encrusting bryozoan,"bryozoan, unid spp. "" encrusting """,,,,Bryozoa,Encrusting Bryozoan,,,encrusting bryozoan,8,,,,,,,,,,,,,,,,,,,,,,,,,,,,,,,,,,,,
bryozoan,"bryozoan, unid spp.",,,,Bryozoa,General Bryozoan,,,,8,,,,,,,,,,,,,,,,,,,,,,,,,,,,,,,,,,,,
pale anemone,"anemone, pale",Aiptasia pallida,Aiptasiidae,Actiniaria,Cnidaria,Aip pal,,,"aka: Exaiptasia pallida, brown anemone (common)",9,,,,,,,,,,,,,,,,,,,,,,,,,,,,,,,,,,,,
ghost anenome,"anenome, ghost ",Diadumene leucolena,Diadumenidae,Actiniaria,Cnidaria,Dia leu,,,,9,,,,,,,,,,,,,,,,,,,,,,,,,,,,,,,,,,,,
orange striped green anenome,"anenome, orange-striped green",Diadumene lineata,Diadumenidae,Actiniaria,Cnidaria,Dia lin,,,aka: Haliplanella luciae,9,,,,,,,,,,,,,,,,,,,,,,,,,,,,,,,,,,,,
sea whip,sea whip,Leptogorgia virgulata,Gorgoniidae,Alcyonacea,Cnidaria,Lep vir,,,,9,,,,,,,,,,,,,,,,,,,,,,,,,,,,,,,,,,,,
northern star coral,"coral, northern star",Astrangia poculata,Rhizangiidae,Scleractinia,Cnidaria,Ast poc,,,aka: Astrangia danae ,9,,,,,,,,,,,,,,,,,,,,,,,,,,,,,,,,,,,,
anemone,"anemone, unid spp.",,,Actiniaria,Cnidaria,Ane spp,,,,9,,,,,,,,,,,,,,,,,,,,,,,,,,,,,,,,,,,,
jellyfish,"jellyfish, unid sp",,,Scyphozoa [class],Cnidaria,Jellyfish,,,true jelly fish,9,,,,,,,,,,,,,,,,,,,,,,,,,,,,,,,,,,,,
sea grape,sea grape,Molgula manhattensis,Molgulidae,Stolidobranchia,Tunicate,Mol man,,,,10,,,,,,,,,,,,,,,,,,,,,,,,,,,,,,,,,,,,
pleated sea squirt,"sea squirt, pleated ",Styela Plicata,Styelidae,Pleurogona,Tunicate,Sty pli,,,,10,,,,,,,,,,,,,,,,,,,,,,,,,,,,,,,,,,,,
tunicate,"tunicate, unid spp.",,,Stolidobranchia,Tunicate,Tunicate,,,,10,,,,,,,,,,,,,,,,,,,,,,,,,,,,,,,,,,,,
red boring sponge,"sponge, red boring ",Cliona celata,Clionaidae,Clionaida,Porifera,Cli cel,,,,11,,,,,,,,,,,,,,,,,,,,,,,,,,,,,,,,,,,,
boring sponge,"sponge, boring spp.",Cliona spp.,Clionaidae,Clionaida,Porifera,Cli spp,,,Cliona celata,11,,,,,,,,,,,,,,,,,,,,,,,,,,,,,,,,,,,,
small hole boring sponge,"sponge, boring 'small hole' sp.",Pione truitti,Clionaidae,Clionaida,Porifera,Pio tru,,,aka: Cliona truitti,11,,,,,,,,,,,,,,,,,,,,,,,,,,,,,,,,,,,,
red beard sponge,"sponge, red beard ",Clathria prolifera,Microcionidae,Poecilsclerida,Porifera,Cla pro,,,aka: Microciona prolifera,11,,,,,,,,,,,,,,,,,,,,,,,,,,,,,,,,,,,,
encrusting sponge,"sponge, unid encrusting spp.",,,Demospongiae [class],Porifera,Enc spo,,,,11,,,,,,,,,,,,,,,,,,,,,,,,,,,,,,,,,,,,
codium spp.,algae sp.,Codium spp.,Codiaceae,Bryopsidales,Algae,Cod spp,,,,12,,,,,,,,,,,,,,,,,,,,,,,,,,,,,,,,,,,,
hypnea spp.,algae sp.,Hypnea spp.,Cystocloniaceae,Gigartinales,Algae,Hypn spp,,,,12,,,,,,,,,,,,,,,,,,,,,,,,,,,,,,,,,,,,
gelidicum sp.,algae sp.,Gelidium sp.,Gelidiaceae,Gelidiales,Algae,Gel spp,,,,12,,,,,,,,,,,,,,,,,,,,,,,,,,,,,,,,,,,,
ulva intestinalis,algae sp.,Ulva intestinalis,Ulvaceae,Ulvales,Algae,Ulv int,,,,12,,,,,,,,,,,,,,,,,,,,,,,,,,,,,,,,,,,,
red filamentous algae,"algae, red filamentous unid spp.",,,,Algae,Red Filamentous Algae,,,,12,,,,,,,,,,,,,,,,,,,,,,,,,,,,,,,,,,,,
algae,"algae, unid spp.",,,,Algae,UnID Algae,,,,12,,,,,,,,,,,,,,,,,,,,,,,,,,,,,,,,,,,,
amphicteis gunneri,worm sp.,Amphicteis gunneri,Ampharetidae,Terebellida,Worms,Amp gun,,,,13,,,,,,,,,,,,,,,,,,,,,,,,,,,,,,,,,,,,
ampharetid worm,"worm, ampharetid ",Ampharetid spp.,Ampharetidae,Canalipalpata,Worms,Ampha spp,,,,13,,,,,,,,,,,,,,,,,,,,,,,,,,,,,,,,,,,,
hobsonia florida,worm sp.,Hobsonia florida,Ampharetidae,Terebellida,Worms,Hob flo,,,,13,,,,,,,,,,,,,,,,,,,,,,,,,,,,,,,,,,,,
melinna spp.,worm spp.,Melinna spp.,Ampharetidae,Terebellida,Worms,Mel spp,,,,13,,,,,,,,,,,,,,,,,,,,,,,,,,,,,,,,,,,,
lugworm,"lugworm, spp.",,Arenicolidae,Polychaeta [class],Worms,Are Spp,,,Order not assigned,13,,,,,,,,,,,,,,,,,,,,,,,,,,,,,,,,,,,,
gallery worm,"worm, gallery",Capitella capitata,Capitellidae,Polychaeta [class],Worms,Cap cap,,,Order not assigned; capitellid worm,13,,,,,,,,,,,,,,,,,,,,,,,,,,,,,,,,,,,,
capitellid spp.,worm spp.,Capitellid spp.,Capitellidae,Polychaeta [class],Worms,Capi spp,,,Order not assigned; capitellid worm,13,,,,,,,,,,,,,,,,,,,,,,,,,,,,,,,,,,,,
orange frilled worm,"worm, orange frilled ",Cirratulus grandis,Cirratulidae,Terebellida,Worms,Cir gra,,,,13,,,,,,,,,,,,,,,,,,,,,,,,,,,,,,,,,,,,
red thread worm,"worm, red thread spp.",Cirriformia spp.,Cirratulidae,Terebellida,Worms,Cir spp,,,cirritulid,13,,,,,,,,,,,,,,,,,,,,,,,,,,,,,,,,,,,,
coronadena mutabilis,flatworm sp.,Coronadena mutabilis,Discocelidae,Polycladida,Worms,Cor mut,,,,13,,,,,,,,,,,,,,,,,,,,,,,,,,,,,,,,,,,,
dorvillea sociabilis,worm sp.,Dorvillea sociabilis,Dorvilleidae,Eunicida,Worms,Dor soc,,,,13,,,,,,,,,,,,,,,,,,,,,,,,,,,,,,,,,,,,
dorvillea spp.,worm spp.,Dorvillea spp.,Dorvilleidae,Eunicida,Worms,Dor spp,,,,13,,,,,,,,,,,,,,,,,,,,,,,,,,,,,,,,,,,,
parougia caeca,worm sp.,Parougia caeca,Dorvilleidae,Eunicida,Worms,Par cae,,,,13,,,,,,,,,,,,,,,,,,,,,,,,,,,,,,,,,,,,
schistomeringos rudolphi,worm sp.,Schistomeringos rudolphi,Dorvilleidae,Eunicida,Worms,Sch rud,,,,13,,,,,,,,,,,,,,,,,,,,,,,,,,,,,,,,,,,,
leodice antennata,worm sp.,Leodice antennata,Eunicidae,Eunicida,Worms,Leo ant,,,,13,,,,,,,,,,,,,,,,,,,,,,,,,,,,,,,,,,,,
lysidice spp.,worm spp.,Lysidice spp.,Eunicidae,Eunicida,Worms,Lys spp,,,"worm, 3 antennae ",13,,,,,,,,,,,,,,,,,,,,,,,,,,,,,,,,,,,,
marphysa bellii,rockworm sp.,Marphysa bellii,Eunicidae,Eunicida,Worms,Mar bel,,,oculata,13,,,,,,,,,,,,,,,,,,,,,,,,,,,,,,,,,,,,
marphysa sanguinea,rockworm sp.,Marphysa sanguinea,Eunicidae,Eunicida,Worms,Mar san,,,rockworm,13,,,,,,,,,,,,,,,,,,,,,,,,,,,,,,,,,,,,
combed scaleworm,"scaleworm, combed",Euphrosinid spp.,Euphrosinidae,Amphinomida,Worms,Eup spp,,,,13,,,,,,,,,,,,,,,,,,,,,,,,,,,,,,,,,,,,
sabellid 2 eye worm,"worm, sabellid spp. ""2-eye""",Fabricia spp.,Fabriciidae,Sabellida,Worms,Fab spp,,,,13,,,,,,,,,,,,,,,,,,,,,,,,,,,,,,,,,,,,
sandpaper polychaete,"polychaete, sandpaper ",Piromis eruca,Flabelligeridae,Terebellida,Worms,Pir eru,,,often fragments - abundance = presence/absence not quantity,13,,,,,,,,,,,,,,,,,,,,,,,,,,,,,,,,,,,,
american bloodworm,"bloodworm, american ",Glycera americana,Glyceridae,Phyllodocida,Worms,Gly ame,,,,13,,,,,,,,,,,,,,,,,,,,,,,,,,,,,,,,,,,,
glycera spp.,bloodworm sp.,Glycera spp.,Glyceridae,Phyllodocida,Worms,Gly spp,,,,13,,,,,,,,,,,,,,,,,,,,,,,,,,,,,,,,,,,,
swift footed polychaete,"polychaete, swift-footed ",Oxydromus obscurus,Hesionidae,Phyllodocida,Worms,Oxy obs,,,aka: Podarke obscura,13,,,,,,,,,,,,,,,,,,,,,,,,,,,,,,,,,,,,
micrura leidyi,worm sp.,Micrura leidyi,Lineidae,Heteronemertea,Worms,Mic lei,,,,13,,,,,,,,,,,,,,,,,,,,,,,,,,,,,,,,,,,,
lumbrineris spp.,worm spp.,Lumbrineris spp.,Lumbrineridae,Eunicida,Worms,Lum spp,,,,13,,,,,,,,,,,,,,,,,,,,,,,,,,,,,,,,,,,,
clymenella spp.,"worm, bamboo spp.",Clymenella spp.,Maldanidae,Scolecida,Worms,Cly spp,,,,13,,,,,,,,,,,,,,,,,,,,,,,,,,,,,,,,,,,,
bambou worm,"worm, bambou",Clymenella torquata,Maldanidae,Scolecida,Worms,Cly tor,,,,13,,,,,,,,,,,,,,,,,,,,,,,,,,,,,,,,,,,,
maldane spp.,worm spp.,Maldane spp.,Maldanidae,Polychaeta [class],Worms,Mal spp,,,,13,,,,,,,,,,,,,,,,,,,,,,,,,,,,,,,,,,,,
sabaco elongatus,worm sp.,Sabaco elongatus,Maldanidae,Polychaeta [class],Worms,Sab elo,,,,13,,,,,,,,,,,,,,,,,,,,,,,,,,,,,,,,,,,,
naididae,"worm, naididae unid spp.",,Naididae,Haplotaxida,Worms,Naididae,,,tubificid species,13,,,,,,,,,,,,,,,,,,,,,,,,,,,,,,,,,,,,
common clam worm,"worm, common clam ",Alitta succinea,Nereididae,Phyllodocida,Worms,Ali suc,,,"aka: pile worm, Nereis succinea",13,,,,,,,,,,,,,,,,,,,,,,,,,,,,,,,,,,,,
ceratonereis spp.,"worm, clam spp.",Ceratonereis spp.,Nereididae,Phyllodocida,Worms,Cer spp,,,,13,,,,,,,,,,,,,,,,,,,,,,,,,,,,,,,,,,,,
nereis splendida,sandworm sp.,Nereis splendida,Nereididae,Phyllodocida,Worms,Ner spl,,,aka: Nereis falsa,13,,,,,,,,,,,,,,,,,,,,,,,,,,,,,,,,,,,,
nereis spp.,"worm, clam spp.",Nereis spp.,Nereididae,Phyllodocida,Worms,Ner spp,,,"worms, nereididae ",13,,,,,,,,,,,,,,,,,,,,,,,,,,,,,,,,,,,,
dumerils clam worm,"worm, dumeril's clam",Platynereis dumerii,Nereididae,Phyllodocida,Worms,Pla dum,,,,13,,,,,,,,,,,,,,,,,,,,,,,,,,,,,,,,,,,,
irridescent threadworm,"threadworm, irridescent ",Arabella iricolor,Oenonidae,Eunicida,Worms,Ara iri,,,aka: opal worm,13,,,,,,,,,,,,,,,,,,,,,,,,,,,,,,,,,,,,
arabellid spp.,threadworm spp.,Arabellid spp.,Oenonidae,Eunicida,Worms,Ara spp,,,,13,,,,,,,,,,,,,,,,,,,,,,,,,,,,,,,,,,,,
drilonereis magna,threadworm sp.,Drilonereis magna,Oenonidae,Eunicida,Worms,Dri mag,,,threadworm,13,,,,,,,,,,,,,,,,,,,,,,,,,,,,,,,,,,,,
drilonereis spp.,threadworm spp.,Drilonereis spp.,Oenonidae,Eunicida,Worms,Dri spp,,,threadworm,13,,,,,,,,,,,,,,,,,,,,,,,,,,,,,,,,,,,,
notocirrus spinifera,threadworm sp.,Notocirrus spinifera,Oenonidae,Eunicida,Worms,Not spi,,,,13,,,,,,,,,,,,,,,,,,,,,,,,,,,,,,,,,,,,
plumed worm,"worm, plumed",Diopatra cuprea,Onuphidae,Eunicida,Worms,Dio cup,,,aka: ornate worm,13,,,,,,,,,,,,,,,,,,,,,,,,,,,,,,,,,,,,
kinbergonuphis spp.,worm spp.,Kinbergonuphis spp.,Onuphidae,Eunicida,Worms,Kin spp,,,,13,,,,,,,,,,,,,,,,,,,,,,,,,,,,,,,,,,,,
myriochele heeri,tubeworm sp.,Myriochele heeri,Oweniidae,Sabellida,Worms,Myr hee,,,,13,,,,,,,,,,,,,,,,,,,,,,,,,,,,,,,,,,,,
spindle shaped tubeworm,"tubeworm, spindle-shaped ",Owenia fusiformis,Oweniidae,Sabellida,Worms,Owe fus,,,,13,,,,,,,,,,,,,,,,,,,,,,,,,,,,,,,,,,,,
ice cream cone worm,"worm, ice cream cone ",Pectinaria gouldii,Pectinariidae,Terebellida,Worms,Pec gou,,,,13,,,,,,,,,,,,,,,,,,,,,,,,,,,,,,,,,,,,
green oyster worm,"worm, green oyster ",Nereiphylla fragilis,Phyllodocidae,Phyllodocida,Worms,Phy fra,,,"aka: Phyllodoce fragilis, paddleworm",13,,,,,,,,,,,,,,,,,,,,,,,,,,,,,,,,,,,,
harmothoe aculeata,scaleworm sp.,Harmothoe aculeata,Polynoidae,Phyllodocida,Worms,Har acu,,,,13,,,,,,,,,,,,,,,,,,,,,,,,,,,,,,,,,,,,
marmothoe extenuata,scaleworm sp.,Harmothoe extenuata,Polynoidae,Phyllodocida,Worms,Har ext,,,,13,,,,,,,,,,,,,,,,,,,,,,,,,,,,,,,,,,,,
harmothoe spp.,scaleworm spp.,Harmothoe spp.,Polynoidae,Phyllodocida,Worms,Har spp,,,,13,,,,,,,,,,,,,,,,,,,,,,,,,,,,,,,,,,,,
many scaleworm,"scaleworm, many",Lepidametria commensalis,Polynoidae,Phyllodocida,Worms,Lep com,,,,13,,,,,,,,,,,,,,,,,,,,,,,,,,,,,,,,,,,,
lepidametria spp.,scaleworm spp.,Lepidametria spp.,Polynoidae,Phyllodocida,Worms,Lepidam spp,,,,13,,,,,,,,,,,,,,,,,,,,,,,,,,,,,,,,,,,,
lepidasthenia spp.,scaleworm spp.,Lepidasthenia spp.,Polynoidae,Phyllodocida,Worms,Lepidas spp,,,,13,,,,,,,,,,,,,,,,,,,,,,,,,,,,,,,,,,,,
lepidonotus spp.,scaleworm spp.,Lepidonotus spp.,Polynoidae,Phyllodocida,Worms,Lepido spp,,,,13,,,,,,,,,,,,,,,,,,,,,,,,,,,,,,,,,,,,
lepidontus sublevis,scaleworm sp.,Lepidonotus sublevis,Polynoidae,Phyllodocida,Worms,Lep sub,,,,13,,,,,,,,,,,,,,,,,,,,,,,,,,,,,,,,,,,,
sabellaria spp.,"worm, sand builder spp.",Sabellaria spp.,Sabellariidae,Sabellida,Worms,Sabellaria spp,,,sand builder worm spp.,13,,,,,,,,,,,,,,,,,,,,,,,,,,,,,,,,,,,,
sabellaria vulgaris,"worm, sand-builder",Sabellaria vulgaris,Sabellariidae,Sabellida,Worms,Sab vul,,,aka: Sabellaria floridensis,13,,,,,,,,,,,,,,,,,,,,,,,,,,,,,,,,,,,,
bispira melanostigma,"worm, featherduster sp.",Bispira melanostigma,Sabellidae,Sabellida,Worms,Bis mel,,,"aka: Sabella melanostigma, fan worm, mud tube sabellid",13,,,,,,,,,,,,,,,,,,,,,,,,,,,,,,,,,,,,
potamilla neglecta,worm sp.,Potamilla neglecta,Sabellidae,Sabellida,Worms,Pot neg,,,,13,,,,,,,,,,,,,,,,,,,,,,,,,,,,,,,,,,,,
sabella spp.,"worm, featherduster spp.",Sabella spp.,Sabellidae,Sabellida,Worms,Sabella spp,,,fan worm,13,,,,,,,,,,,,,,,,,,,,,,,,,,,,,,,,,,,,
featherduster worm,"worm, featherduster unid spp.",,Sabellidae,Sabellida,Worms,UnID Featherduster Worm,,,mud tube sabellid spp.,13,,,,,,,,,,,,,,,,,,,,,,,,,,,,,,,,,,,,
limy tubeworm,"tubeworm, limy",Hydroides dianthus,Serpulidae,Sabellida,Worms,Hyd dia,,,,13,,,,,,,,,,,,,,,,,,,,,,,,,,,,,,,,,,,,
calcareous tubeworm,"tubeworms spp. ""calcareous""",Serpulid spp.,Serpulidae,Sabellida,Worms,Ser spp,,,,13,,,,,,,,,,,,,,,,,,,,,,,,,,,,,,,,,,,,
sinistral spiral tubeworm,"tubeworm, sinistral spiral ",Spirorbis spirorbis,Serpulidae,Sabellida,Worms,Spi spi,,,aka: Spirorbis borealis,13,,,,,,,,,,,,,,,,,,,,,,,,,,,,,,,,,,,,
sigalonid spp.,polychaete spp.,Sigalionid spp.,Sigalionidae,Phyllodocida,Worms,Sig spp,,,"polychaete, un-id sigalionid ",13,,,,,,,,,,,,,,,,,,,,,,,,,,,,,,,,,,,,
boa scaleworm,"scaleworm, boa",Sthenelais boa,Sigalionidae,Phyllodocida,Worms,Sth boa,,,,13,,,,,,,,,,,,,,,,,,,,,,,,,,,,,,,,,,,,
burrowing scaleworm,"scaleworm, burrowing",Sthenelais limicola,Sigalionidae,Phyllodocida,Worms,Sth lim,,,,13,,,,,,,,,,,,,,,,,,,,,,,,,,,,,,,,,,,,
sthenelais spp.,scaleworm sp.,Sthenelais spp.,Sigalionidae,Phyllodocida,Worms,Sth spp,,,,13,,,,,,,,,,,,,,,,,,,,,,,,,,,,,,,,,,,,
oyster mud worm,"worm, oyster mud ",Polydora websteri,Spionidae,Spionida,Worms,Pol web,,,,13,,,,,,,,,,,,,,,,,,,,,,,,,,,,,,,,,,,,
stylochus ellipticus,flatworm sp.,Stylochus ellipticus,Styochidae,Polycladida,Worms,Sty ell,,,flatworm,13,,,,,,,,,,,,,,,,,,,,,,,,,,,,,,,,,,,,
exogone spp.,"worm, syllid spp.",Exogone spp.,Syllidae,Phyllodocida,Worms,Exo spp,,,,13,,,,,,,,,,,,,,,,,,,,,,,,,,,,,,,,,,,,
taenia spp.,"worm, tape spp.",Taenia spp.,Taeniidae,Cyclophyllidea,Worms,Tae spp,,,,13,,,,,,,,,,,,,,,,,,,,,,,,,,,,,,,,,,,,
spaghetti mouth worm,"worm, spaghetti mouth",Amphitrite ornata,Terebellidae,Terebellida,Worms,Amp orn,,,aka: ornate terebillid worm (common),13,,,,,,,,,,,,,,,,,,,,,,,,,,,,,,,,,,,,
amphitrite spp.,worm spp.,Amphitrite spp.,Terebellidae,Terebellida,Worms,Amphi spp,,,,13,,,,,,,,,,,,,,,,,,,,,,,,,,,,,,,,,,,,
artacama proboscidea,worm sp.,Artacama proboscidea,Terebellidae,Terebellida,Worms,Art pro,,,,13,,,,,,,,,,,,,,,,,,,,,,,,,,,,,,,,,,,,
johnstons ornate worm,"worm, johnston's ornate ",Neoamphitrite figulus,Terebellidae,Terebellida,Worms,Neo fig,,,aka: Amphitrite johnstoni,13,,,,,,,,,,,,,,,,,,,,,,,,,,,,,,,,,,,,
pista cristata,worm sp.,Pista cristata,Terebellidae,Terebellida,Worms,Pis cri,,,,13,,,,,,,,,,,,,,,,,,,,,,,,,,,,,,,,,,,,
pista maculata,worm sp.,Pista maculata,Terebellidae,Terebellida,Worms,Pis mac,,,,13,,,,,,,,,,,,,,,,,,,,,,,,,,,,,,,,,,,,
pista spp.,worm spp.,Pista spp.,Terebellidae,Terebellida,Worms,Pis spp,,,"worm, terebellid ",13,,,,,,,,,,,,,,,,,,,,,,,,,,,,,,,,,,,,
streblosoma spiralis,worm sp.,Streblosoma spiralis ,Terebellidae,Terebellida,Worms,Str spi,,,"worm (3 pairs coiled filamentous gills), terebellid ",13,,,,,,,,,,,,,,,,,,,,,,,,,,,,,,,,,,,,
streblosoma spp.,worm spp.,Streblosoma spp.,Terebellidae,Terebellida,Worms,Str spp,,,"worm (3 pairs coiled filamentous gills), terebellid ",13,,,,,,,,,,,,,,,,,,,,,,,,,,,,,,,,,,,,
terebellid spp.,worm spp.,Terebellid spp.,Terebellidae,Terebellida,Worms,Ter spp,,,"worm, terebellid ",13,,,,,,,,,,,,,,,,,,,,,,,,,,,,,,,,,,,,
terebella verrilli,worm sp.,Terebella verrilli,Terebellidae,Terebellida,Worms,Ter ver,,,"worms , terebellid",13,,,,,,,,,,,,,,,,,,,,,,,,,,,,,,,,,,,,
tentacle worm,"worm, tentacle ",Thelepus cincinnatus,Terebellidae,Terebellida,Worms,The cin,,,,13,,,,,,,,,,,,,,,,,,,,,,,,,,,,,,,,,,,,
peanut worm,"worm, peanut spp.",Sipunculid spp.,Themistidae,Golfingiida,Worms,Sip spp,,,,13,,,,,,,,,,,,,,,,,,,,,,,,,,,,,,,,,,,,
rock boring sipunculid,"sipunculid, rock-boring ",Themiste alutacea,Themistidae,Golfingiida,Worms,The alu,,,,13,,,,,,,,,,,,,,,,,,,,,,,,,,,,,,,,,,,,
trichobranchidae,"worms, spp.",,Trichobranchidae,Terebellida,Worms,Tric bra,,,,13,,,,,,,,,,,,,,,,,,,,,,,,,,,,,,,,,,,,
aquatic oligochaete worm,"worm, aquatic oligochaete",Paranais litoralis,Tubificidae,Haplotaxida,Worms,Par lit,,,,13,,,,,,,,,,,,,,,,,,,,,,,,,,,,,,,,,,,,
earthworm,earthworm spp.,,,Oligochaete spp. [subclass],Worms,Earthworm,,,,13,,,,,,,,,,,,,,,,,,,,,,,,,,,,,,,,,,,,
errant polychaete worm,"worm, errant polychaete unid spp.",,,Polychaeta [class],Worms,Errant Polychaete Worm,,,free living /swimming,13,,,,,,,,,,,,,,,,,,,,,,,,,,,,,,,,,,,,
flatworm,"flatworm, unid spp.",,,,Worms,Flatworm,,,,13,,,,,,,,,,,,,,,,,,,,,,,,,,,,,,,,,,,,
ribbon worm,"worm, ribbon unid spp.",Nemertean spp.,,Nemertea [phylum],Worms,Nem spp,,,,13,,,,,,,,,,,,,,,,,,,,,,,,,,,,,,,,,,,,
pink ribbon worm,"worm, pink ribbon ",,,Nemertea [phylum],Worms,Pink Ribbon Worm,,,,13,,,,,,,,,,,,,,,,,,,,,,,,,,,,,,,,,,,,
white flatworm,"flatworm spp. ""white""",Platyhelminthes spp.,,Polycladida,Worms,Pla spp,,,,13,,,,,,,,,,,,,,,,,,,,,,,,,,,,,,,,,,,,
polychaete worm,"worm, polychaete unid spp.",,,Polychaeta [class],Worms,Polychaete Worm,,,,13,,,,,,,,,,,,,,,,,,,,,,,,,,,,,,,,,,,,
scaleworm,"scaleworm, unid spp.",,,Phyllodocida,Worms,Scaleworm,,,,13,,,,,,,,,,,,,,,,,,,,,,,,,,,,,,,,,,,,
sedentaria worm,"worm, sedentaria unid spp. ",,,Sedentaria,Worms,Sedentaria Worm,,,mud worm,13,,,,,,,,,,,,,,,,,,,,,,,,,,,,,,,,,,,,
sedentary polychaete worm,"worm, sedentary polychaete unid spp.",,,Polychaeta [class],Worms,Sedentary Polychaete Worm,,,,13,,,,,,,,,,,,,,,,,,,,,,,,,,,,,,,,,,,,
worm,"worm, unid spp.",,,,Worms,UnID Worm,,,,13,,,,,,,,,,,,,,,,,,,,,,,,,,,,,,,,,,,,
white ribbon worm,"worm, white ribbon ",,,Nemertea [phylum],Worms,White Ribbon Worm,,,,13,,,,,,,,,,,,,,,,,,,,,,,,,,,,,,,,,,,,
terrapin,terrapin,Malaclemys terrapin,Emydidae,Testudines,Reptile,Mal ter,,,,14,,,,,,,,,,,,,,,,,,,,,,,,,,,,,,,,,,,,
fleshy tissue,"fleshy tissue, unid",,,,Other,Fle tis,,,,15,,,,,,,,,,,,,,,,,,,,,,,,,,,,,,,,,,,,
,,,,,,,,,,,,,,,,,,,,,,,,,,,,,,,,,,,,,,,,,,,,,,
,,,,,,,,,,,,,,,,,,,,,,,,,,,,,,,,,,,,,,,,,,,,,,
,,,,,,,,,,,,,,,,,,,,,,,,,,,,,,,,,,,,,,,,,,,,,,
,,,,,,,,,,,,,,,,,,,,,,,,,,,,,,,,,,,,,,,,,,,,,,
,,,,,,,,,,,,,,,,,,,,,,,,,,,,,,,,,,,,,,,,,,,,,,
,,,,,,,,,,,,,,,,,,,,,,,,,,,,,,,,,,,,,,,,,,,,,,
,,,,,,,,,,,,,,,,,,,,,,,,,,,,,,,,,,,,,,,,,,,,,,
,,,,,,,,,,,,,,,,,,,,,,,,,,,,,,,,,,,,,,,,,,,,,,
,,,,,,,,,,,,,,,,,,,,,,,,,,,,,,,,,,,,,,,,,,,,,,
,,,,,,,,,,,,,,,,,,,,,,,,,,,,,,,,,,,,,,,,,,,,,,